-- Dane testowe Apollo (firma gastronomiczna) - PEŁNA BAZA DANYCH - listopad/grudzień 2025
-- Wszystkie hasła: 1234 (hash: $2b$12$LCTgBWl9SsEpNuj1CLglUOE1tEUR8mzsyNCcNCH16Lz9PLiFAizle)
BEGIN;

TRUNCATE TABLE
    public.absences,
    public.approval_log,
    public.audit_logs,
    public.availability,
    public.messages,
    public.period_closures,
    public.schedule,
    public.work_reports,
    public.user_projects,
    public.projects,
    public.users
RESTART IDENTITY CASCADE;

-- ============================================================================
-- UŻYTKOWNICY (25 osób: 2 admin, 3 HR, 20 workers)
-- ============================================================================
INSERT INTO public.users (user_id, first_name, last_name, email, phone_number, password_hash, role, registration_date, account_status, password_reset_token, birth_date, address)
VALUES
    -- Prosta firma: 10 użytkowników
    (1, 'Admin', 'Apollo', 'admin@apollo.pl', '+48 600 111 222', '$2b$12$LCTgBWl9SsEpNuj1CLglUOE1tEUR8mzsyNCcNCH16Lz9PLiFAizle', 'admin', '2023-08-14 09:15:00', 'aktywny', NULL, '1985-04-18', 'ul. Dolna 12, Warszawa'),
    (2, 'HR', 'Apollo', 'hr@apollo.pl', '+48 600 333 111', '$2b$12$LCTgBWl9SsEpNuj1CLglUOE1tEUR8mzsyNCcNCH16Lz9PLiFAizle', 'hr', '2023-09-02 08:45:00', 'aktywny', NULL, '1988-11-02', 'ul. Górnośląska 5, Warszawa'),
    (3, 'Kasia', 'Kelner', 'kasia.kelner@apollo.pl', '+48 601 000 001', '$2b$12$LCTgBWl9SsEpNuj1CLglUOE1tEUR8mzsyNCcNCH16Lz9PLiFAizle', 'user', '2024-01-10 07:55:00', 'aktywny', NULL, '1994-02-21', 'ul. Różana 22, Warszawa'),
    (4, 'Bartek', 'Kelner', 'bartek.kelner@apollo.pl', '+48 601 000 002', '$2b$12$LCTgBWl9SsEpNuj1CLglUOE1tEUR8mzsyNCcNCH16Lz9PLiFAizle', 'user', '2024-03-04 06:40:00', 'aktywny', NULL, '1992-07-12', 'ul. Pileckiego 3, Warszawa'),
    (5, 'Ola', 'Kuchnia', 'ola.kuchnia@apollo.pl', '+48 601 000 003', '$2b$12$LCTgBWl9SsEpNuj1CLglUOE1tEUR8mzsyNCcNCH16Lz9PLiFAizle', 'user', '2024-01-20 07:00:00', 'aktywny', NULL, '1991-06-15', 'ul. Żwirki i Wigury 18, Warszawa'),
    (6, 'Marek', 'Kucharz', 'marek.kucharz@apollo.pl', '+48 601 000 004', '$2b$12$LCTgBWl9SsEpNuj1CLglUOE1tEUR8mzsyNCcNCH16Lz9PLiFAizle', 'user', '2024-04-10 06:30:00', 'aktywny', NULL, '1993-01-30', 'ul. Grochowska 230, Warszawa'),
    (7, 'Ewa', 'Piekarz', 'ewa.piekarz@apollo.pl', '+48 601 000 005', '$2b$12$LCTgBWl9SsEpNuj1CLglUOE1tEUR8mzsyNCcNCH16Lz9PLiFAizle', 'user', '2024-05-15 08:10:00', 'aktywny', NULL, '1994-05-06', 'ul. Woronicza 18, Warszawa'),
    (8, 'Robert', 'Piekarz', 'robert.piekarz@apollo.pl', '+48 601 000 006', '$2b$12$LCTgBWl9SsEpNuj1CLglUOE1tEUR8mzsyNCcNCH16Lz9PLiFAizle', 'user', '2024-05-20 06:00:00', 'aktywny', NULL, '1991-10-12', 'ul. Bielańska 14, Warszawa'),
    (9, 'Filip', 'Kurier', 'filip.kurier@apollo.pl', '+48 601 000 007', '$2b$12$LCTgBWl9SsEpNuj1CLglUOE1tEUR8mzsyNCcNCH16Lz9PLiFAizle', 'user', '2024-06-01 07:20:00', 'aktywny', NULL, '1991-12-01', 'ul. Jana III Sobieskiego 102, Warszawa'),
    (10, 'Dorota', 'Sprzatanie', 'dorota.sprzatanie@apollo.pl', '+48 601 000 008', '$2b$12$LCTgBWl9SsEpNuj1CLglUOE1tEUR8mzsyNCcNCH16Lz9PLiFAizle', 'user', '2024-10-15 07:30:00', 'aktywny', NULL, '1994-11-22', 'ul. Bokserska 66, Warszawa');

-- ============================================================================
-- PROJEKTY (prosta firma: 5 projektów)
-- ============================================================================
INSERT INTO public.projects (project_id, project_name, description, owner_user_id, status, created_by_user_id, created_at, time_type)
VALUES
    (1, 'Kelner', 'Obsługa sali, serwis, przygotowanie stanowisk i zamykanie dnia.', 2, 'aktywny', 2, '2025-01-05 08:00:00', 'constant'),
    (2, 'Kuchnia', 'Przygotowanie potraw, mise en place, serwis kuchni.', 3, 'aktywny', 3, '2025-01-05 08:00:00', 'constant'),
    (3, 'Piekarz', 'Wypiek pieczywa, ciast i deserów.', 4, 'aktywny', 4, '2025-01-05 08:00:00', 'constant'),
    (4, 'Kurier', 'Dostawy do klientów, pakowanie i transport.', 5, 'aktywny', 5, '2025-01-05 08:00:00', 'constant'),
    (5, 'Sprzątanie', 'Utrzymanie czystości na kuchni i sali.', 6, 'aktywny', 6, '2025-01-05 08:00:00', 'constant');

-- ============================================================================
-- PRZYPISANIA UŻYTKOWNIKÓW DO PROJEKTÓW (user_projects)
-- ============================================================================
INSERT INTO public.user_projects (user_project_id, user_id, project_id, assigned_at)
VALUES
    -- Prosta firma: przypisania do 5 projektów
    -- Kelner
    (1, 3, 1, '2025-10-01 08:00:00'),
    (2, 4, 1, '2025-10-01 08:00:00'),
    (3, 2, 1, '2025-10-01 08:00:00'), -- HR również przypisany (pracuje)
    -- Kuchnia
    (4, 5, 2, '2025-10-01 08:00:00'),
    (5, 6, 2, '2025-10-01 08:00:00'),
    -- Piekarz
    (6, 7, 3, '2025-10-01 08:00:00'),
    (7, 8, 3, '2025-10-01 08:00:00'),
    -- Kurier
    (8, 9, 4, '2025-10-01 08:00:00'),
    -- Sprzątanie
    (9, 10, 5, '2025-10-01 08:00:00');

-- ============================================================================
-- KOMUNIKATY SYSTEMOWE (20 wiadomości)
-- ============================================================================
INSERT INTO public.messages (message_id, title, content, created_at, is_active)
VALUES
    (1, 'Inwentaryzacja magazynu 15 grudnia', 'Zespół produkcyjny proszony jest o zakończenie rozchodów surowców do 14.12 godz. 18:00. W dniu inwentaryzacji magazyn będzie nieczynny.', '2025-11-30 08:00:00', true),
    (2, 'Zwiększenie wolumenu TechWave od 03.11', 'Od 03.11 zwiększamy produkcję lunchów dla TechWave do 320 porcji dziennie. Proszę o dostosowanie harmonogramów.', '2025-10-28 09:45:00', true),
    (3, 'Nowe menu świąteczne - degustacja 25.11', 'Degustacja nowego menu świątecznego odbędzie się 25.11 o godz. 15:00 w kuchni głównej. Obecność szefów kuchni obowiązkowa.', '2025-11-18 10:30:00', true),
    (4, 'Szkolenie BHP - grudzień 2025', 'Obowiązkowe szkolenie BHP dla wszystkich pracowników produkcji w dniach 9-10.12. Szczegółowy harmonogram w załączniku.', '2025-11-25 08:15:00', true),
    (5, 'Zamknięcie okresu rozliczeniowego - październik', 'Okres październik 2025 został zamknięty. Wszelkie korekty raportów wymagają zgłoszenia do HR.', '2025-11-05 14:30:00', false),
    (6, 'Nowy kontrakt - StartupHub', 'Gratulacje! Wygraliśmy przetarg na catering dla StartupHub. Start 01.10, szczegóły na spotkaniu zespołu.', '2025-09-28 11:00:00', false),
    (7, 'Awaria chłodni nr 2 - PILNE', 'Chłodnia nr 2 jest niesprawna. Wszystkie produkty przeniesiono do chłodni zapasowej. Naprawa w toku.', '2025-11-22 06:45:00', true),
    (8, 'Zmiana dostawcy warzyw od grudnia', 'Od 01.12 zmieniamy dostawcę warzyw na FreshFarm. Nowe standardy jakości i opakowania - instrukcja w intranecie.', '2025-11-27 09:00:00', true),
    (9, 'Święta - harmonogram pracy', 'Harmonogram pracy na okres 20.12 - 05.01 został opublikowany. Sprawdźcie swoje grafiki w systemie.', '2025-12-01 10:00:00', true),
    (10, 'Nowe samochody dostawcze', 'Flota została wzmocniona o 2 nowe samochody chłodnie. Szkolenie dla kierowców 02.12 o 8:00.', '2025-11-29 07:30:00', true),
    (11, 'Kontrola sanepidu - 18.11 wynik pozytywny', 'Kontrola sanepidu zakończona sukcesem. Brak uwag. Świetna robota zespołu!', '2025-11-19 15:00:00', false),
    (12, 'Promocja - lunche korporacyjne', 'Nowa akcja promocyjna dla klientów korporacyjnych. Szczegóły w prezentacji dla team leaderów.', '2025-11-10 11:30:00', false),
    (13, 'System raportowania - aktualizacja 20.11', 'W dniu 20.11 o godz. 22:00 system będzie niedostępny przez ok. 2h ze względu na aktualizację.', '2025-11-17 14:00:00', false),
    (14, 'Rekrutacja - nowi pracownicy grudzień', 'W grudniu dołączą do nas 3 nowe osoby: 2 kucharzy i 1 osoba do obsługi. Powitajmy ich ciepło!', '2025-11-28 10:45:00', true),
    (15, 'Karta świąteczna - degustacja dla klientów', 'Zapraszamy klientów na degustację karty świątecznej 05.12 godz. 17:00. Przygotowania od 14:00.', '2025-12-01 09:15:00', true),
    (16, 'Bezpieczeństwo - parkingi', 'Przypominamy o zamykaniu samochodów i zabieraniu wartościowych rzeczy. Odnotowano kradzież w okolicy.', '2025-11-21 08:00:00', true),
    (17, 'Premie za listopad - wypłata 10.12', 'Premie wynikowe za listopad zostaną wypłacone 10.12 wraz z wynagrodzeniem zasadniczym.', '2025-12-02 12:00:00', true),
    (18, 'Catering dla Apollo - spotkanie wigilijne', 'Spotkanie wigilijne firmy Apollo odbędzie się 22.12. Menu i harmonogram wkrótce.', '2025-11-26 13:30:00', true),
    (19, 'Nowy system zamówień surowców - szkolenie', 'Szkolenie z nowego systemu zamówień dla team leaderów: 04.12 godz. 16:00, sala konferencyjna.', '2025-11-30 11:00:00', true),
    (20, 'Gratulacje - 1000 posiłków dziennie!', 'Osiągnęliśmy kamień milowy - 1000 posiłków dziennie! To zasługa Was wszystkich. Dziękujemy!', '2025-11-15 16:00:00', false);

-- ============================================================================
-- STATUSY OKRESÓW ROZLICZENIOWYCH
-- ============================================================================
INSERT INTO public.period_closures (period_closure_id, year, month, status, locked_by_user_id, locked_at, unlocked_at, notes)
VALUES
    (1, 2025, 9, 'zamkniety', 3, '2025-10-05 16:00:00+02', NULL, 'Okres wrzesień zamknięty bez uwag.'),
    (2, 2025, 10, 'zamkniety', 3, '2025-11-05 14:30:00+01', NULL, 'Rozliczenie października zamknięte po inwentaryzacji. Wszystkie raporty zatwierdzone.'),
    (3, 2025, 11, 'otwarty', NULL, NULL, NULL, 'Listopad pozostaje otwarty do pełnego rozliczenia.'),
    (4, 2025, 12, 'otwarty', NULL, NULL, NULL, 'Okres grudzień otwarty. Zwiększone obłożenie eventami świątecznymi.');

-- DOSTĘPNOŚĆ PRACOWNIKÓW (nowy zestaw powiązany z harmonogramem)
INSERT INTO public.availability (user_id, date, is_available, time_from, time_to, created_at)
VALUES
    (2, '2025-11-01', true, '08:00', '16:00', '2025-10-20 08:00:00'),
    (2, '2025-11-02', true, '08:00', '16:00', '2025-10-20 08:00:00'),
    (2, '2025-11-03', true, '08:00', '16:00', '2025-10-20 08:00:00'),
    (2, '2025-11-04', true, '08:00', '16:00', '2025-10-20 08:00:00'),
    (2, '2025-11-05', true, '08:00', '16:00', '2025-10-20 08:00:00'),
    (2, '2025-11-06', true, '08:00', '16:00', '2025-10-20 08:00:00'),
    (2, '2025-11-08', true, '08:00', '16:00', '2025-10-20 08:00:00'),
    (2, '2025-11-09', true, '08:00', '16:00', '2025-10-20 08:00:00'),
    (2, '2025-11-10', true, '08:00', '16:00', '2025-10-20 08:00:00'),
    (2, '2025-11-11', true, '08:00', '16:00', '2025-10-20 08:00:00'),
    (2, '2025-11-12', true, '08:00', '16:00', '2025-10-20 08:00:00'),
    (2, '2025-11-13', true, '08:00', '16:00', '2025-10-20 08:00:00'),
    (2, '2025-11-15', true, '08:00', '16:00', '2025-10-20 08:00:00'),
    (2, '2025-11-16', true, '08:00', '16:00', '2025-10-20 08:00:00'),
    (2, '2025-11-17', true, '08:00', '16:00', '2025-10-20 08:00:00'),
    (2, '2025-11-18', true, '08:00', '16:00', '2025-10-20 08:00:00'),
    (2, '2025-11-19', true, '08:00', '16:00', '2025-10-20 08:00:00'),
    (2, '2025-11-20', true, '08:00', '16:00', '2025-10-20 08:00:00'),
    (2, '2025-11-22', true, '08:00', '16:00', '2025-10-20 08:00:00'),
    (2, '2025-11-23', true, '08:00', '16:00', '2025-10-20 08:00:00'),
    (2, '2025-11-24', true, '08:00', '16:00', '2025-10-20 08:00:00'),
    (3, '2025-11-01', true, '10:00', '18:00', '2025-10-20 08:00:00'),
    (3, '2025-11-02', true, '10:00', '18:00', '2025-10-20 08:00:00'),
    (3, '2025-11-03', true, '10:00', '18:00', '2025-10-20 08:00:00'),
    (3, '2025-11-04', true, '10:00', '18:00', '2025-10-20 08:00:00'),
    (3, '2025-11-06', true, '10:00', '18:00', '2025-10-20 08:00:00'),
    (3, '2025-11-07', true, '10:00', '18:00', '2025-10-20 08:00:00'),
    (3, '2025-11-08', true, '10:00', '18:00', '2025-10-20 08:00:00'),
    (3, '2025-11-09', true, '10:00', '18:00', '2025-10-20 08:00:00'),
    (3, '2025-11-10', true, '10:00', '18:00', '2025-10-20 08:00:00'),
    (3, '2025-11-11', true, '10:00', '18:00', '2025-10-20 08:00:00'),
    (3, '2025-11-13', true, '10:00', '18:00', '2025-10-20 08:00:00'),
    (3, '2025-11-14', true, '10:00', '18:00', '2025-10-20 08:00:00'),
    (3, '2025-11-15', true, '10:00', '18:00', '2025-10-20 08:00:00'),
    (3, '2025-11-16', true, '10:00', '18:00', '2025-10-20 08:00:00'),
    (3, '2025-11-17', true, '10:00', '18:00', '2025-10-20 08:00:00'),
    (3, '2025-11-18', true, '10:00', '18:00', '2025-10-20 08:00:00'),
    (3, '2025-11-20', true, '10:00', '18:00', '2025-10-20 08:00:00'),
    (3, '2025-11-21', true, '10:00', '18:00', '2025-10-20 08:00:00'),
    (3, '2025-11-22', true, '10:00', '18:00', '2025-10-20 08:00:00'),
    (3, '2025-11-23', true, '10:00', '18:00', '2025-10-20 08:00:00'),
    (3, '2025-11-24', true, '10:00', '18:00', '2025-10-20 08:00:00'),
    (4, '2025-11-01', true, '12:00', '20:00', '2025-10-20 08:00:00'),
    (4, '2025-11-02', true, '12:00', '20:00', '2025-10-20 08:00:00'),
    (4, '2025-11-04', true, '12:00', '20:00', '2025-10-20 08:00:00'),
    (4, '2025-11-05', true, '12:00', '20:00', '2025-10-20 08:00:00'),
    (4, '2025-11-06', true, '12:00', '20:00', '2025-10-20 08:00:00'),
    (4, '2025-11-07', true, '12:00', '20:00', '2025-10-20 08:00:00'),
    (4, '2025-11-08', true, '12:00', '20:00', '2025-10-20 08:00:00'),
    (4, '2025-11-09', true, '12:00', '20:00', '2025-10-20 08:00:00'),
    (4, '2025-11-10', true, '12:00', '20:00', '2025-10-20 08:00:00'),
    (4, '2025-11-11', true, '12:00', '20:00', '2025-10-20 08:00:00'),
    (4, '2025-11-12', true, '12:00', '20:00', '2025-10-20 08:00:00'),
    (4, '2025-11-13', true, '12:00', '20:00', '2025-10-20 08:00:00'),
    (4, '2025-11-14', true, '12:00', '20:00', '2025-10-20 08:00:00'),
    (4, '2025-11-15', true, '12:00', '20:00', '2025-10-20 08:00:00'),
    (4, '2025-11-16', true, '12:00', '20:00', '2025-10-20 08:00:00'),
    (4, '2025-11-18', true, '12:00', '20:00', '2025-10-20 08:00:00'),
    (4, '2025-11-19', true, '12:00', '20:00', '2025-10-20 08:00:00'),
    (4, '2025-11-20', true, '12:00', '20:00', '2025-10-20 08:00:00'),
    (4, '2025-11-21', true, '12:00', '20:00', '2025-10-20 08:00:00'),
    (4, '2025-11-22', true, '12:00', '20:00', '2025-10-20 08:00:00'),
    (4, '2025-11-23', true, '12:00', '20:00', '2025-10-20 08:00:00'),
    (5, '2025-11-01', true, '06:00', '14:00', '2025-10-20 08:00:00'),
    (5, '2025-11-02', true, '06:00', '14:00', '2025-10-20 08:00:00'),
    (5, '2025-11-03', true, '06:00', '14:00', '2025-10-20 08:00:00'),
    (5, '2025-11-04', true, '06:00', '14:00', '2025-10-20 08:00:00'),
    (5, '2025-11-05', true, '06:00', '14:00', '2025-10-20 08:00:00'),
    (5, '2025-11-07', true, '06:00', '14:00', '2025-10-20 08:00:00'),
    (5, '2025-11-08', true, '06:00', '14:00', '2025-10-20 08:00:00'),
    (5, '2025-11-09', true, '06:00', '14:00', '2025-10-20 08:00:00'),
    (5, '2025-11-10', true, '06:00', '14:00', '2025-10-20 08:00:00'),
    (5, '2025-11-11', true, '06:00', '14:00', '2025-10-20 08:00:00'),
    (5, '2025-11-12', true, '06:00', '14:00', '2025-10-20 08:00:00'),
    (5, '2025-11-14', true, '06:00', '14:00', '2025-10-20 08:00:00'),
    (5, '2025-11-15', true, '06:00', '14:00', '2025-10-20 08:00:00'),
    (5, '2025-11-16', true, '06:00', '14:00', '2025-10-20 08:00:00'),
    (5, '2025-11-17', true, '06:00', '14:00', '2025-10-20 08:00:00'),
    (5, '2025-11-18', true, '06:00', '14:00', '2025-10-20 08:00:00'),
    (5, '2025-11-19', true, '06:00', '14:00', '2025-10-20 08:00:00'),
    (5, '2025-11-20', true, '06:00', '14:00', '2025-10-20 08:00:00'),
    (5, '2025-11-21', true, '06:00', '14:00', '2025-10-20 08:00:00'),
    (5, '2025-11-22', true, '06:00', '14:00', '2025-10-20 08:00:00'),
    (5, '2025-11-23', true, '06:00', '14:00', '2025-10-20 08:00:00'),
    (6, '2025-11-01', true, '14:00', '22:00', '2025-10-20 08:00:00'),
    (6, '2025-11-02', true, '14:00', '22:00', '2025-10-20 08:00:00'),
    (6, '2025-11-03', true, '14:00', '22:00', '2025-10-20 08:00:00'),
    (6, '2025-11-05', true, '14:00', '22:00', '2025-10-20 08:00:00'),
    (6, '2025-11-06', true, '14:00', '22:00', '2025-10-20 08:00:00'),
    (6, '2025-11-07', true, '14:00', '22:00', '2025-10-20 08:00:00'),
    (6, '2025-11-08', true, '14:00', '22:00', '2025-10-20 08:00:00'),
    (6, '2025-11-09', true, '14:00', '22:00', '2025-10-20 08:00:00'),
    (6, '2025-11-10', true, '14:00', '22:00', '2025-10-20 08:00:00'),
    (6, '2025-11-11', true, '14:00', '22:00', '2025-10-20 08:00:00'),
    (6, '2025-11-12', true, '14:00', '22:00', '2025-10-20 08:00:00'),
    (6, '2025-11-13', true, '14:00', '22:00', '2025-10-20 08:00:00'),
    (6, '2025-11-14', true, '14:00', '22:00', '2025-10-20 08:00:00'),
    (6, '2025-11-15', true, '14:00', '22:00', '2025-10-20 08:00:00'),
    (6, '2025-11-16', true, '14:00', '22:00', '2025-10-20 08:00:00'),
    (6, '2025-11-17', true, '14:00', '22:00', '2025-10-20 08:00:00'),
    (6, '2025-11-19', true, '14:00', '22:00', '2025-10-20 08:00:00'),
    (6, '2025-11-20', true, '14:00', '22:00', '2025-10-20 08:00:00'),
    (6, '2025-11-21', true, '14:00', '22:00', '2025-10-20 08:00:00'),
    (6, '2025-11-22', true, '14:00', '22:00', '2025-10-20 08:00:00'),
    (6, '2025-11-23', true, '14:00', '22:00', '2025-10-20 08:00:00'),
    (7, '2025-11-01', true, '04:00', '12:00', '2025-10-20 08:00:00'),
    (7, '2025-11-02', true, '04:00', '12:00', '2025-10-20 08:00:00'),
    (7, '2025-11-03', true, '04:00', '12:00', '2025-10-20 08:00:00'),
    (7, '2025-11-04', true, '04:00', '12:00', '2025-10-20 08:00:00'),
    (7, '2025-11-05', true, '04:00', '12:00', '2025-10-20 08:00:00'),
    (7, '2025-11-06', true, '04:00', '12:00', '2025-10-20 08:00:00'),
    (7, '2025-11-07', true, '04:00', '12:00', '2025-10-20 08:00:00'),
    (7, '2025-11-08', true, '04:00', '12:00', '2025-10-20 08:00:00'),
    (7, '2025-11-10', true, '04:00', '12:00', '2025-10-20 08:00:00'),
    (7, '2025-11-11', true, '04:00', '12:00', '2025-10-20 08:00:00'),
    (7, '2025-11-12', true, '04:00', '12:00', '2025-10-20 08:00:00'),
    (7, '2025-11-13', true, '04:00', '12:00', '2025-10-20 08:00:00'),
    (7, '2025-11-14', true, '04:00', '12:00', '2025-10-20 08:00:00'),
    (7, '2025-11-15', true, '04:00', '12:00', '2025-10-20 08:00:00'),
    (7, '2025-11-16', true, '04:00', '12:00', '2025-10-20 08:00:00'),
    (7, '2025-11-17', true, '04:00', '12:00', '2025-10-20 08:00:00'),
    (7, '2025-11-18', true, '04:00', '12:00', '2025-10-20 08:00:00'),
    (7, '2025-11-19', true, '04:00', '12:00', '2025-10-20 08:00:00'),
    (7, '2025-11-21', true, '04:00', '12:00', '2025-10-20 08:00:00'),
    (7, '2025-11-22', true, '04:00', '12:00', '2025-10-20 08:00:00'),
    (7, '2025-11-23', true, '04:00', '12:00', '2025-10-20 08:00:00'),
    (8, '2025-11-01', true, '05:00', '13:00', '2025-10-20 08:00:00'),
    (8, '2025-11-04', true, '05:00', '13:00', '2025-10-20 08:00:00'),
    (8, '2025-11-07', true, '05:00', '13:00', '2025-10-20 08:00:00'),
    (8, '2025-11-11', true, '05:00', '13:00', '2025-10-20 08:00:00'),
    (8, '2025-11-15', true, '05:00', '13:00', '2025-10-20 08:00:00'),
    (8, '2025-11-22', true, '05:00', '10:00', '2025-10-20 08:00:00'),
    (8, '2025-11-27', true, '05:00', '10:00', '2025-10-20 08:00:00'),
    (9, '2025-11-02', true, '06:00', '14:00', '2025-10-20 08:00:00'),
    (9, '2025-11-06', true, '06:00', '14:00', '2025-10-20 08:00:00'),
    (9, '2025-11-10', true, '06:00', '14:00', '2025-10-20 08:00:00'),
    (9, '2025-11-14', true, '06:00', '14:00', '2025-10-20 08:00:00'),
    (9, '2025-11-18', true, '06:00', '14:00', '2025-10-20 08:00:00'),
    (9, '2025-11-24', true, '06:00', '11:00', '2025-10-20 08:00:00'),
    (9, '2025-11-28', true, '06:00', '11:00', '2025-10-20 08:00:00'),
    (10, '2025-11-03', true, '15:00', '23:00', '2025-10-20 08:00:00'),
    (10, '2025-11-06', true, '15:00', '23:00', '2025-10-20 08:00:00'),
    (10, '2025-11-09', true, '15:00', '23:00', '2025-10-20 08:00:00'),
    (10, '2025-11-13', true, '15:00', '23:00', '2025-10-20 08:00:00'),
    (10, '2025-11-17', true, '15:00', '23:00', '2025-10-20 08:00:00'),
    (10, '2025-11-21', true, '15:00', '20:00', '2025-10-20 08:00:00'),
    (10, '2025-11-25', true, '15:00', '20:00', '2025-10-20 08:00:00'),
    (2, '2025-12-01', true, '08:00', '16:00', '2025-11-20 08:00:00'),
    (2, '2025-12-02', true, '08:00', '16:00', '2025-11-20 08:00:00'),
    (2, '2025-12-03', true, '08:00', '16:00', '2025-11-20 08:00:00'),
    (2, '2025-12-04', true, '08:00', '16:00', '2025-11-20 08:00:00'),
    (2, '2025-12-05', true, '08:00', '16:00', '2025-11-20 08:00:00'),
    (2, '2025-12-07', true, '08:00', '16:00', '2025-11-20 08:00:00'),
    (2, '2025-12-08', true, '08:00', '16:00', '2025-11-20 08:00:00'),
    (2, '2025-12-09', true, '08:00', '16:00', '2025-11-20 08:00:00'),
    (2, '2025-12-10', true, '08:00', '16:00', '2025-11-20 08:00:00'),
    (2, '2025-12-11', true, '08:00', '16:00', '2025-11-20 08:00:00'),
    (2, '2025-12-12', true, '08:00', '16:00', '2025-11-20 08:00:00'),
    (2, '2025-12-14', true, '08:00', '16:00', '2025-11-20 08:00:00'),
    (2, '2025-12-15', true, '08:00', '16:00', '2025-11-20 08:00:00'),
    (2, '2025-12-16', true, '08:00', '16:00', '2025-11-20 08:00:00'),
    (2, '2025-12-17', true, '08:00', '16:00', '2025-11-20 08:00:00'),
    (2, '2025-12-18', true, '08:00', '16:00', '2025-11-20 08:00:00'),
    (2, '2025-12-19', true, '08:00', '16:00', '2025-11-20 08:00:00'),
    (2, '2025-12-21', true, '08:00', '16:00', '2025-11-20 08:00:00'),
    (2, '2025-12-22', true, '08:00', '16:00', '2025-11-20 08:00:00'),
    (2, '2025-12-23', true, '08:00', '16:00', '2025-11-20 08:00:00'),
    (2, '2025-12-24', true, '08:00', '16:00', '2025-11-20 08:00:00'),
    (3, '2025-12-01', true, '10:00', '18:00', '2025-11-20 08:00:00'),
    (3, '2025-12-02', true, '10:00', '18:00', '2025-11-20 08:00:00'),
    (3, '2025-12-03', true, '10:00', '18:00', '2025-11-20 08:00:00'),
    (3, '2025-12-05', true, '10:00', '18:00', '2025-11-20 08:00:00'),
    (3, '2025-12-06', true, '10:00', '18:00', '2025-11-20 08:00:00'),
    (3, '2025-12-07', true, '10:00', '18:00', '2025-11-20 08:00:00'),
    (3, '2025-12-08', true, '10:00', '18:00', '2025-11-20 08:00:00'),
    (3, '2025-12-09', true, '10:00', '18:00', '2025-11-20 08:00:00'),
    (3, '2025-12-10', true, '10:00', '18:00', '2025-11-20 08:00:00'),
    (3, '2025-12-12', true, '10:00', '18:00', '2025-11-20 08:00:00'),
    (3, '2025-12-13', true, '10:00', '18:00', '2025-11-20 08:00:00'),
    (3, '2025-12-14', true, '10:00', '18:00', '2025-11-20 08:00:00'),
    (3, '2025-12-15', true, '10:00', '18:00', '2025-11-20 08:00:00'),
    (3, '2025-12-16', true, '10:00', '18:00', '2025-11-20 08:00:00'),
    (3, '2025-12-17', true, '10:00', '18:00', '2025-11-20 08:00:00'),
    (3, '2025-12-19', true, '10:00', '18:00', '2025-11-20 08:00:00'),
    (3, '2025-12-20', true, '10:00', '18:00', '2025-11-20 08:00:00'),
    (3, '2025-12-21', true, '10:00', '18:00', '2025-11-20 08:00:00'),
    (3, '2025-12-22', true, '10:00', '18:00', '2025-11-20 08:00:00'),
    (3, '2025-12-23', true, '10:00', '18:00', '2025-11-20 08:00:00'),
    (3, '2025-12-24', true, '10:00', '18:00', '2025-11-20 08:00:00'),
    (4, '2025-12-01', true, '12:00', '20:00', '2025-11-20 08:00:00'),
    (4, '2025-12-03', true, '12:00', '20:00', '2025-11-20 08:00:00'),
    (4, '2025-12-04', true, '12:00', '20:00', '2025-11-20 08:00:00'),
    (4, '2025-12-05', true, '12:00', '20:00', '2025-11-20 08:00:00'),
    (4, '2025-12-06', true, '12:00', '20:00', '2025-11-20 08:00:00'),
    (4, '2025-12-07', true, '12:00', '20:00', '2025-11-20 08:00:00'),
    (4, '2025-12-08', true, '12:00', '20:00', '2025-11-20 08:00:00'),
    (4, '2025-12-09', true, '12:00', '20:00', '2025-11-20 08:00:00'),
    (4, '2025-12-10', true, '12:00', '20:00', '2025-11-20 08:00:00'),
    (4, '2025-12-11', true, '12:00', '20:00', '2025-11-20 08:00:00'),
    (4, '2025-12-12', true, '12:00', '20:00', '2025-11-20 08:00:00'),
    (4, '2025-12-13', true, '12:00', '20:00', '2025-11-20 08:00:00'),
    (4, '2025-12-14', true, '12:00', '20:00', '2025-11-20 08:00:00'),
    (4, '2025-12-15', true, '12:00', '20:00', '2025-11-20 08:00:00'),
    (4, '2025-12-17', true, '12:00', '20:00', '2025-11-20 08:00:00'),
    (4, '2025-12-18', true, '12:00', '20:00', '2025-11-20 08:00:00'),
    (4, '2025-12-19', true, '12:00', '20:00', '2025-11-20 08:00:00'),
    (4, '2025-12-20', true, '12:00', '20:00', '2025-11-20 08:00:00'),
    (4, '2025-12-21', true, '12:00', '20:00', '2025-11-20 08:00:00'),
    (4, '2025-12-22', true, '12:00', '20:00', '2025-11-20 08:00:00'),
    (4, '2025-12-24', true, '12:00', '20:00', '2025-11-20 08:00:00'),
    (5, '2025-12-01', true, '06:00', '14:00', '2025-11-20 08:00:00'),
    (5, '2025-12-02', true, '06:00', '14:00', '2025-11-20 08:00:00'),
    (5, '2025-12-04', true, '06:00', '14:00', '2025-11-20 08:00:00'),
    (5, '2025-12-05', true, '06:00', '14:00', '2025-11-20 08:00:00'),
    (5, '2025-12-06', true, '06:00', '14:00', '2025-11-20 08:00:00'),
    (5, '2025-12-07', true, '06:00', '14:00', '2025-11-20 08:00:00'),
    (5, '2025-12-08', true, '06:00', '14:00', '2025-11-20 08:00:00'),
    (5, '2025-12-09', true, '06:00', '14:00', '2025-11-20 08:00:00'),
    (5, '2025-12-11', true, '06:00', '14:00', '2025-11-20 08:00:00'),
    (5, '2025-12-12', true, '06:00', '14:00', '2025-11-20 08:00:00'),
    (5, '2025-12-13', true, '06:00', '14:00', '2025-11-20 08:00:00'),
    (5, '2025-12-14', true, '06:00', '14:00', '2025-11-20 08:00:00'),
    (5, '2025-12-15', true, '06:00', '14:00', '2025-11-20 08:00:00'),
    (5, '2025-12-16', true, '06:00', '14:00', '2025-11-20 08:00:00'),
    (5, '2025-12-18', true, '06:00', '14:00', '2025-11-20 08:00:00'),
    (5, '2025-12-19', true, '06:00', '14:00', '2025-11-20 08:00:00'),
    (5, '2025-12-20', true, '06:00', '14:00', '2025-11-20 08:00:00'),
    (5, '2025-12-21', true, '06:00', '14:00', '2025-11-20 08:00:00'),
    (5, '2025-12-22', true, '06:00', '14:00', '2025-11-20 08:00:00'),
    (5, '2025-12-23', true, '06:00', '14:00', '2025-11-20 08:00:00'),
    (5, '2025-12-24', true, '06:00', '14:00', '2025-11-20 08:00:00'),
    (6, '2025-12-01', true, '14:00', '22:00', '2025-11-20 08:00:00'),
    (6, '2025-12-02', true, '14:00', '22:00', '2025-11-20 08:00:00'),
    (6, '2025-12-03', true, '14:00', '22:00', '2025-11-20 08:00:00'),
    (6, '2025-12-04', true, '14:00', '22:00', '2025-11-20 08:00:00'),
    (6, '2025-12-05', true, '14:00', '22:00', '2025-11-20 08:00:00'),
    (6, '2025-12-06', true, '14:00', '22:00', '2025-11-20 08:00:00'),
    (6, '2025-12-08', true, '14:00', '22:00', '2025-11-20 08:00:00'),
    (6, '2025-12-09', true, '14:00', '22:00', '2025-11-20 08:00:00'),
    (6, '2025-12-10', true, '14:00', '22:00', '2025-11-20 08:00:00'),
    (6, '2025-12-11', true, '14:00', '22:00', '2025-11-20 08:00:00'),
    (6, '2025-12-12', true, '14:00', '22:00', '2025-11-20 08:00:00'),
    (6, '2025-12-13', true, '14:00', '22:00', '2025-11-20 08:00:00'),
    (6, '2025-12-15', true, '14:00', '22:00', '2025-11-20 08:00:00'),
    (6, '2025-12-16', true, '14:00', '22:00', '2025-11-20 08:00:00'),
    (6, '2025-12-17', true, '14:00', '22:00', '2025-11-20 08:00:00'),
    (6, '2025-12-18', true, '14:00', '22:00', '2025-11-20 08:00:00'),
    (6, '2025-12-19', true, '14:00', '22:00', '2025-11-20 08:00:00'),
    (6, '2025-12-20', true, '14:00', '22:00', '2025-11-20 08:00:00'),
    (6, '2025-12-21', true, '14:00', '22:00', '2025-11-20 08:00:00'),
    (6, '2025-12-22', true, '14:00', '22:00', '2025-11-20 08:00:00'),
    (6, '2025-12-23', true, '14:00', '22:00', '2025-11-20 08:00:00'),
    (7, '2025-12-01', true, '04:00', '12:00', '2025-11-20 08:00:00'),
    (7, '2025-12-02', true, '04:00', '12:00', '2025-11-20 08:00:00'),
    (7, '2025-12-03', true, '04:00', '12:00', '2025-11-20 08:00:00'),
    (7, '2025-12-04', true, '04:00', '12:00', '2025-11-20 08:00:00'),
    (7, '2025-12-06', true, '04:00', '12:00', '2025-11-20 08:00:00'),
    (7, '2025-12-07', true, '04:00', '12:00', '2025-11-20 08:00:00'),
    (7, '2025-12-08', true, '04:00', '12:00', '2025-11-20 08:00:00'),
    (7, '2025-12-09', true, '04:00', '12:00', '2025-11-20 08:00:00'),
    (7, '2025-12-10', true, '04:00', '12:00', '2025-11-20 08:00:00'),
    (7, '2025-12-11', true, '04:00', '12:00', '2025-11-20 08:00:00'),
    (7, '2025-12-12', true, '04:00', '12:00', '2025-11-20 08:00:00'),
    (7, '2025-12-13', true, '04:00', '12:00', '2025-11-20 08:00:00'),
    (7, '2025-12-14', true, '04:00', '12:00', '2025-11-20 08:00:00'),
    (7, '2025-12-15', true, '04:00', '12:00', '2025-11-20 08:00:00'),
    (7, '2025-12-16', true, '04:00', '12:00', '2025-11-20 08:00:00'),
    (7, '2025-12-17', true, '04:00', '12:00', '2025-11-20 08:00:00'),
    (7, '2025-12-18', true, '04:00', '12:00', '2025-11-20 08:00:00'),
    (7, '2025-12-20', true, '04:00', '12:00', '2025-11-20 08:00:00'),
    (7, '2025-12-21', true, '04:00', '12:00', '2025-11-20 08:00:00'),
    (7, '2025-12-22', true, '04:00', '12:00', '2025-11-20 08:00:00'),
    (7, '2025-12-23', true, '04:00', '12:00', '2025-11-20 08:00:00'),
    (8, '2025-12-02', true, '05:00', '13:00', '2025-11-20 08:00:00'),
    (8, '2025-12-06', true, '05:00', '13:00', '2025-11-20 08:00:00'),
    (8, '2025-12-10', true, '05:00', '13:00', '2025-11-20 08:00:00'),
    (8, '2025-12-14', true, '05:00', '13:00', '2025-11-20 08:00:00'),
    (8, '2025-12-18', true, '05:00', '13:00', '2025-11-20 08:00:00'),
    (8, '2025-12-22', true, '05:00', '10:00', '2025-11-20 08:00:00'),
    (8, '2025-12-29', true, '05:00', '10:00', '2025-11-20 08:00:00'),
    (9, '2025-12-03', true, '06:00', '14:00', '2025-11-20 08:00:00'),
    (9, '2025-12-07', true, '06:00', '14:00', '2025-11-20 08:00:00'),
    (9, '2025-12-11', true, '06:00', '14:00', '2025-11-20 08:00:00'),
    (9, '2025-12-15', true, '06:00', '14:00', '2025-11-20 08:00:00'),
    (9, '2025-12-19', true, '06:00', '14:00', '2025-11-20 08:00:00'),
    (9, '2025-12-23', true, '06:00', '11:00', '2025-11-20 08:00:00'),
    (9, '2025-12-27', true, '06:00', '11:00', '2025-11-20 08:00:00'),
    (10, '2025-12-04', true, '15:00', '23:00', '2025-11-20 08:00:00'),
    (10, '2025-12-08', true, '15:00', '23:00', '2025-11-20 08:00:00'),
    (10, '2025-12-12', true, '15:00', '23:00', '2025-11-20 08:00:00'),
    (10, '2025-12-16', true, '15:00', '23:00', '2025-11-20 08:00:00'),
    (10, '2025-12-20', true, '15:00', '23:00', '2025-11-20 08:00:00'),
    (10, '2025-12-24', true, '15:00', '20:00', '2025-11-20 08:00:00'),
    (10, '2025-12-30', true, '15:00', '20:00', '2025-11-20 08:00:00');

-- ============================================================================
-- NIEOBECNOŚCI I URLOPY (nowy zestaw zgodny z prostą firmą)
INSERT INTO public.absences (absence_id, user_id, absence_type, date_from, date_to, created_at, status, submitted_at, approved_at, rejected_at, reviewed_by_user_id, reviewer_comment)
VALUES
    (1, 3, 'urlop', '2025-11-25', '2025-11-26', '2025-11-05 08:30:00', 'zaakceptowany', '2025-11-05 08:35:00+01', '2025-11-06 09:10:00+01', NULL, 2, 'Zgoda na krótki urlop.'),
    (2, 5, 'urlop', '2025-12-05', '2025-12-06', '2025-11-20 08:30:00', 'zaakceptowany', '2025-11-20 08:35:00+01', '2025-11-21 09:15:00+01', NULL, 1, 'Zapewniono zastępstwo na kuchni.'),
    (3, 6, 'urlop', '2025-11-29', '2025-11-30', '2025-11-10 10:00:00', 'odrzucony', '2025-11-10 10:05:00+01', NULL, '2025-11-11 09:30:00+01', 1, 'Nie możemy zwolnić kuchni w weekend eventowy.'),
    (4, 8, 'urlop', '2025-11-18', '2025-11-18', '2025-11-08 07:45:00', 'oczekuje_na_akceptacje', '2025-11-08 07:50:00+01', NULL, NULL, NULL, NULL),
    (5, 9, 'L4', '2025-11-12', '2025-11-13', '2025-11-12 06:00:00', 'zaakceptowany', '2025-11-12 06:05:00+01', '2025-11-12 08:30:00+01', NULL, 2, 'Zwolenienie lekarskie potwierdzone.'),
    (6, 10, 'urlop', '2025-12-28', '2025-12-29', '2025-12-05 09:00:00', 'zaakceptowany', '2025-12-05 09:05:00+01', '2025-12-06 09:20:00+01', NULL, 1, 'Zgoda na urlop po świętach.'),
    (7, 4, 'urlop', '2025-12-22', '2025-12-24', '2025-12-01 07:30:00', 'oczekuje_na_akceptacje', '2025-12-01 07:35:00+01', NULL, NULL, NULL, NULL),
    (8, 7, 'inne', '2025-12-15', '2025-12-15', '2025-12-05 05:30:00', 'zaakceptowany', '2025-12-05 05:35:00+01', '2025-12-05 09:00:00+01', NULL, 2, 'Sprawy urzędowe zatwierdzone.'),
    (9, 5, 'inne', '2025-11-30', '2025-11-30', '2025-11-20 12:00:00', 'odrzucony', '2025-11-20 12:05:00+01', NULL, '2025-11-21 09:40:00+01', 1, 'Końcówka miesiąca wymaga pełnej obsady.');

-- Rejestr decyzji akceptacyjnych
INSERT INTO public.approval_log (approval_log_id, entity_type, entity_id, action, actor_user_id, comment, created_at)
VALUES
    (1, 'absence', 1, 'approved', 2, 'Potwierdzam urlop Ewy po uzgodnieniu z Celiną.', '2025-11-30 09:16:00+01'),
    (2, 'absence', 2, 'rejected', 2, 'Brak możliwości zwolnienia Gabrieli w szczycie sezonu.', '2025-11-04 10:21:00+01');

-- HARMONOGRAM (listopad/grudzień 2025) – docelowy zestaw danych dla prostej firmy
INSERT INTO public.schedule (schedule_id, user_id, project_id, work_date, time_from, time_to, shift_type, created_by_user_id, created_at)
VALUES
    (1, 2, 1, '2025-11-01', '08:00', '16:00', 'normalna', 1, '2025-10-15 09:00:00'),
    (2, 2, 1, '2025-11-02', '08:00', '16:00', 'normalna', 1, '2025-10-15 09:00:00'),
    (3, 2, 1, '2025-11-03', '08:00', '16:00', 'normalna', 1, '2025-10-15 09:00:00'),
    (4, 2, 1, '2025-11-04', '08:00', '16:00', 'normalna', 1, '2025-10-15 09:00:00'),
    (5, 2, 1, '2025-11-05', '08:00', '16:00', 'normalna', 1, '2025-10-15 09:00:00'),
    (6, 2, 1, '2025-11-06', '08:00', '16:00', 'normalna', 1, '2025-10-15 09:00:00'),
    (7, 2, 1, '2025-11-08', '08:00', '16:00', 'normalna', 1, '2025-10-15 09:00:00'),
    (8, 2, 1, '2025-11-09', '08:00', '16:00', 'normalna', 1, '2025-10-15 09:00:00'),
    (9, 2, 1, '2025-11-10', '08:00', '16:00', 'normalna', 1, '2025-10-15 09:00:00'),
    (10, 2, 1, '2025-11-11', '08:00', '16:00', 'normalna', 1, '2025-10-15 09:00:00'),
    (11, 2, 1, '2025-11-12', '08:00', '16:00', 'normalna', 1, '2025-10-15 09:00:00'),
    (12, 2, 1, '2025-11-13', '08:00', '16:00', 'normalna', 1, '2025-10-15 09:00:00'),
    (13, 2, 1, '2025-11-15', '08:00', '16:00', 'normalna', 1, '2025-10-15 09:00:00'),
    (14, 2, 1, '2025-11-16', '08:00', '16:00', 'normalna', 1, '2025-10-15 09:00:00'),
    (15, 2, 1, '2025-11-17', '08:00', '16:00', 'normalna', 1, '2025-10-15 09:00:00'),
    (16, 2, 1, '2025-11-18', '08:00', '16:00', 'normalna', 1, '2025-10-15 09:00:00'),
    (17, 2, 1, '2025-11-19', '08:00', '16:00', 'normalna', 1, '2025-10-15 09:00:00'),
    (18, 2, 1, '2025-11-20', '08:00', '16:00', 'normalna', 1, '2025-10-15 09:00:00'),
    (19, 2, 1, '2025-11-22', '08:00', '16:00', 'normalna', 1, '2025-10-15 09:00:00'),
    (20, 2, 1, '2025-11-23', '08:00', '16:00', 'normalna', 1, '2025-10-15 09:00:00'),
    (21, 2, 1, '2025-11-24', '08:00', '16:00', 'normalna', 1, '2025-10-15 09:00:00'),
    (22, 3, 1, '2025-11-01', '10:00', '18:00', 'normalna', 1, '2025-10-15 09:00:00'),
    (23, 3, 1, '2025-11-02', '10:00', '18:00', 'normalna', 1, '2025-10-15 09:00:00'),
    (24, 3, 1, '2025-11-03', '10:00', '18:00', 'normalna', 1, '2025-10-15 09:00:00'),
    (25, 3, 1, '2025-11-04', '10:00', '18:00', 'normalna', 1, '2025-10-15 09:00:00'),
    (26, 3, 1, '2025-11-06', '10:00', '18:00', 'normalna', 1, '2025-10-15 09:00:00'),
    (27, 3, 1, '2025-11-07', '10:00', '18:00', 'normalna', 1, '2025-10-15 09:00:00'),
    (28, 3, 1, '2025-11-08', '10:00', '18:00', 'normalna', 1, '2025-10-15 09:00:00'),
    (29, 3, 1, '2025-11-09', '10:00', '18:00', 'normalna', 1, '2025-10-15 09:00:00'),
    (30, 3, 1, '2025-11-10', '10:00', '18:00', 'normalna', 1, '2025-10-15 09:00:00'),
    (31, 3, 1, '2025-11-11', '10:00', '18:00', 'normalna', 1, '2025-10-15 09:00:00'),
    (32, 3, 1, '2025-11-13', '10:00', '18:00', 'normalna', 1, '2025-10-15 09:00:00'),
    (33, 3, 1, '2025-11-14', '10:00', '18:00', 'normalna', 1, '2025-10-15 09:00:00'),
    (34, 3, 1, '2025-11-15', '10:00', '18:00', 'normalna', 1, '2025-10-15 09:00:00'),
    (35, 3, 1, '2025-11-16', '10:00', '18:00', 'normalna', 1, '2025-10-15 09:00:00'),
    (36, 3, 1, '2025-11-17', '10:00', '18:00', 'normalna', 1, '2025-10-15 09:00:00'),
    (37, 3, 1, '2025-11-18', '10:00', '18:00', 'normalna', 1, '2025-10-15 09:00:00'),
    (38, 3, 1, '2025-11-20', '10:00', '18:00', 'normalna', 1, '2025-10-15 09:00:00'),
    (39, 3, 1, '2025-11-21', '10:00', '18:00', 'normalna', 1, '2025-10-15 09:00:00'),
    (40, 3, 1, '2025-11-22', '10:00', '18:00', 'normalna', 1, '2025-10-15 09:00:00'),
    (41, 3, 1, '2025-11-23', '10:00', '18:00', 'normalna', 1, '2025-10-15 09:00:00'),
    (42, 3, 1, '2025-11-24', '10:00', '18:00', 'normalna', 1, '2025-10-15 09:00:00'),
    (43, 4, 1, '2025-11-01', '12:00', '20:00', 'normalna', 1, '2025-10-15 09:00:00'),
    (44, 4, 1, '2025-11-02', '12:00', '20:00', 'normalna', 1, '2025-10-15 09:00:00'),
    (45, 4, 1, '2025-11-04', '12:00', '20:00', 'normalna', 1, '2025-10-15 09:00:00'),
    (46, 4, 1, '2025-11-05', '12:00', '20:00', 'normalna', 1, '2025-10-15 09:00:00'),
    (47, 4, 1, '2025-11-06', '12:00', '20:00', 'normalna', 1, '2025-10-15 09:00:00'),
    (48, 4, 1, '2025-11-07', '12:00', '20:00', 'normalna', 1, '2025-10-15 09:00:00'),
    (49, 4, 1, '2025-11-08', '12:00', '20:00', 'normalna', 1, '2025-10-15 09:00:00'),
    (50, 4, 1, '2025-11-09', '12:00', '20:00', 'normalna', 1, '2025-10-15 09:00:00'),
    (51, 4, 1, '2025-11-10', '12:00', '20:00', 'normalna', 1, '2025-10-15 09:00:00'),
    (52, 4, 1, '2025-11-11', '12:00', '20:00', 'normalna', 1, '2025-10-15 09:00:00'),
    (53, 4, 1, '2025-11-12', '12:00', '20:00', 'normalna', 1, '2025-10-15 09:00:00'),
    (54, 4, 1, '2025-11-13', '12:00', '20:00', 'normalna', 1, '2025-10-15 09:00:00'),
    (55, 4, 1, '2025-11-14', '12:00', '20:00', 'normalna', 1, '2025-10-15 09:00:00'),
    (56, 4, 1, '2025-11-15', '12:00', '20:00', 'normalna', 1, '2025-10-15 09:00:00'),
    (57, 4, 1, '2025-11-16', '12:00', '20:00', 'normalna', 1, '2025-10-15 09:00:00'),
    (58, 4, 1, '2025-11-18', '12:00', '20:00', 'normalna', 1, '2025-10-15 09:00:00'),
    (59, 4, 1, '2025-11-19', '12:00', '20:00', 'normalna', 1, '2025-10-15 09:00:00'),
    (60, 4, 1, '2025-11-20', '12:00', '20:00', 'normalna', 1, '2025-10-15 09:00:00'),
    (61, 4, 1, '2025-11-21', '12:00', '20:00', 'normalna', 1, '2025-10-15 09:00:00'),
    (62, 4, 1, '2025-11-22', '12:00', '20:00', 'normalna', 1, '2025-10-15 09:00:00'),
    (63, 4, 1, '2025-11-23', '12:00', '20:00', 'normalna', 1, '2025-10-15 09:00:00'),
    (64, 5, 2, '2025-11-01', '06:00', '14:00', 'normalna', 1, '2025-10-15 09:00:00'),
    (65, 5, 2, '2025-11-02', '06:00', '14:00', 'normalna', 1, '2025-10-15 09:00:00'),
    (66, 5, 2, '2025-11-03', '06:00', '14:00', 'normalna', 1, '2025-10-15 09:00:00'),
    (67, 5, 2, '2025-11-04', '06:00', '14:00', 'normalna', 1, '2025-10-15 09:00:00'),
    (68, 5, 2, '2025-11-05', '06:00', '14:00', 'normalna', 1, '2025-10-15 09:00:00'),
    (69, 5, 2, '2025-11-07', '06:00', '14:00', 'normalna', 1, '2025-10-15 09:00:00'),
    (70, 5, 2, '2025-11-08', '06:00', '14:00', 'normalna', 1, '2025-10-15 09:00:00'),
    (71, 5, 2, '2025-11-09', '06:00', '14:00', 'normalna', 1, '2025-10-15 09:00:00'),
    (72, 5, 2, '2025-11-10', '06:00', '14:00', 'normalna', 1, '2025-10-15 09:00:00'),
    (73, 5, 2, '2025-11-11', '06:00', '14:00', 'normalna', 1, '2025-10-15 09:00:00'),
    (74, 5, 2, '2025-11-12', '06:00', '14:00', 'normalna', 1, '2025-10-15 09:00:00'),
    (75, 5, 2, '2025-11-14', '06:00', '14:00', 'normalna', 1, '2025-10-15 09:00:00'),
    (76, 5, 2, '2025-11-15', '06:00', '14:00', 'normalna', 1, '2025-10-15 09:00:00'),
    (77, 5, 2, '2025-11-16', '06:00', '14:00', 'normalna', 1, '2025-10-15 09:00:00'),
    (78, 5, 2, '2025-11-17', '06:00', '14:00', 'normalna', 1, '2025-10-15 09:00:00'),
    (79, 5, 2, '2025-11-18', '06:00', '14:00', 'normalna', 1, '2025-10-15 09:00:00'),
    (80, 5, 2, '2025-11-19', '06:00', '14:00', 'normalna', 1, '2025-10-15 09:00:00'),
    (81, 5, 2, '2025-11-20', '06:00', '14:00', 'normalna', 1, '2025-10-15 09:00:00'),
    (82, 5, 2, '2025-11-21', '06:00', '14:00', 'normalna', 1, '2025-10-15 09:00:00'),
    (83, 5, 2, '2025-11-22', '06:00', '14:00', 'normalna', 1, '2025-10-15 09:00:00'),
    (84, 5, 2, '2025-11-23', '06:00', '14:00', 'normalna', 1, '2025-10-15 09:00:00'),
    (85, 6, 2, '2025-11-01', '14:00', '22:00', 'normalna', 1, '2025-10-15 09:00:00'),
    (86, 6, 2, '2025-11-02', '14:00', '22:00', 'normalna', 1, '2025-10-15 09:00:00'),
    (87, 6, 2, '2025-11-03', '14:00', '22:00', 'normalna', 1, '2025-10-15 09:00:00'),
    (88, 6, 2, '2025-11-05', '14:00', '22:00', 'normalna', 1, '2025-10-15 09:00:00'),
    (89, 6, 2, '2025-11-06', '14:00', '22:00', 'normalna', 1, '2025-10-15 09:00:00'),
    (90, 6, 2, '2025-11-07', '14:00', '22:00', 'normalna', 1, '2025-10-15 09:00:00'),
    (91, 6, 2, '2025-11-08', '14:00', '22:00', 'normalna', 1, '2025-10-15 09:00:00'),
    (92, 6, 2, '2025-11-09', '14:00', '22:00', 'normalna', 1, '2025-10-15 09:00:00'),
    (93, 6, 2, '2025-11-10', '14:00', '22:00', 'normalna', 1, '2025-10-15 09:00:00'),
    (94, 6, 2, '2025-11-11', '14:00', '22:00', 'normalna', 1, '2025-10-15 09:00:00'),
    (95, 6, 2, '2025-11-12', '14:00', '22:00', 'normalna', 1, '2025-10-15 09:00:00'),
    (96, 6, 2, '2025-11-13', '14:00', '22:00', 'normalna', 1, '2025-10-15 09:00:00'),
    (97, 6, 2, '2025-11-14', '14:00', '22:00', 'normalna', 1, '2025-10-15 09:00:00'),
    (98, 6, 2, '2025-11-15', '14:00', '22:00', 'normalna', 1, '2025-10-15 09:00:00'),
    (99, 6, 2, '2025-11-16', '14:00', '22:00', 'normalna', 1, '2025-10-15 09:00:00'),
    (100, 6, 2, '2025-11-17', '14:00', '22:00', 'normalna', 1, '2025-10-15 09:00:00'),
    (101, 6, 2, '2025-11-19', '14:00', '22:00', 'normalna', 1, '2025-10-15 09:00:00'),
    (102, 6, 2, '2025-11-20', '14:00', '22:00', 'normalna', 1, '2025-10-15 09:00:00'),
    (103, 6, 2, '2025-11-21', '14:00', '22:00', 'normalna', 1, '2025-10-15 09:00:00'),
    (104, 6, 2, '2025-11-22', '14:00', '22:00', 'normalna', 1, '2025-10-15 09:00:00'),
    (105, 6, 2, '2025-11-23', '14:00', '22:00', 'normalna', 1, '2025-10-15 09:00:00'),
    (106, 7, 3, '2025-11-01', '04:00', '12:00', 'normalna', 1, '2025-10-15 09:00:00'),
    (107, 7, 3, '2025-11-02', '04:00', '12:00', 'normalna', 1, '2025-10-15 09:00:00'),
    (108, 7, 3, '2025-11-03', '04:00', '12:00', 'normalna', 1, '2025-10-15 09:00:00'),
    (109, 7, 3, '2025-11-04', '04:00', '12:00', 'normalna', 1, '2025-10-15 09:00:00'),
    (110, 7, 3, '2025-11-05', '04:00', '12:00', 'normalna', 1, '2025-10-15 09:00:00'),
    (111, 7, 3, '2025-11-06', '04:00', '12:00', 'normalna', 1, '2025-10-15 09:00:00'),
    (112, 7, 3, '2025-11-07', '04:00', '12:00', 'normalna', 1, '2025-10-15 09:00:00'),
    (113, 7, 3, '2025-11-08', '04:00', '12:00', 'normalna', 1, '2025-10-15 09:00:00'),
    (114, 7, 3, '2025-11-10', '04:00', '12:00', 'normalna', 1, '2025-10-15 09:00:00'),
    (115, 7, 3, '2025-11-11', '04:00', '12:00', 'normalna', 1, '2025-10-15 09:00:00'),
    (116, 7, 3, '2025-11-12', '04:00', '12:00', 'normalna', 1, '2025-10-15 09:00:00'),
    (117, 7, 3, '2025-11-13', '04:00', '12:00', 'normalna', 1, '2025-10-15 09:00:00'),
    (118, 7, 3, '2025-11-14', '04:00', '12:00', 'normalna', 1, '2025-10-15 09:00:00'),
    (119, 7, 3, '2025-11-15', '04:00', '12:00', 'normalna', 1, '2025-10-15 09:00:00'),
    (120, 7, 3, '2025-11-16', '04:00', '12:00', 'normalna', 1, '2025-10-15 09:00:00'),
    (121, 7, 3, '2025-11-17', '04:00', '12:00', 'normalna', 1, '2025-10-15 09:00:00'),
    (122, 7, 3, '2025-11-18', '04:00', '12:00', 'normalna', 1, '2025-10-15 09:00:00'),
    (123, 7, 3, '2025-11-19', '04:00', '12:00', 'normalna', 1, '2025-10-15 09:00:00'),
    (124, 7, 3, '2025-11-21', '04:00', '12:00', 'normalna', 1, '2025-10-15 09:00:00'),
    (125, 7, 3, '2025-11-22', '04:00', '12:00', 'normalna', 1, '2025-10-15 09:00:00'),
    (126, 7, 3, '2025-11-23', '04:00', '12:00', 'normalna', 1, '2025-10-15 09:00:00'),
    (127, 8, 3, '2025-11-01', '05:00', '13:00', 'normalna', 1, '2025-10-15 09:00:00'),
    (128, 8, 3, '2025-11-04', '05:00', '13:00', 'normalna', 1, '2025-10-15 09:00:00'),
    (129, 8, 3, '2025-11-07', '05:00', '13:00', 'normalna', 1, '2025-10-15 09:00:00'),
    (130, 8, 3, '2025-11-11', '05:00', '13:00', 'normalna', 1, '2025-10-15 09:00:00'),
    (131, 8, 3, '2025-11-15', '05:00', '13:00', 'normalna', 1, '2025-10-15 09:00:00'),
    (132, 8, 3, '2025-11-22', '05:00', '10:00', 'normalna', 1, '2025-10-15 09:00:00'),
    (133, 8, 3, '2025-11-27', '05:00', '10:00', 'normalna', 1, '2025-10-15 09:00:00'),
    (134, 9, 4, '2025-11-02', '06:00', '14:00', 'normalna', 1, '2025-10-15 09:00:00'),
    (135, 9, 4, '2025-11-06', '06:00', '14:00', 'normalna', 1, '2025-10-15 09:00:00'),
    (136, 9, 4, '2025-11-10', '06:00', '14:00', 'normalna', 1, '2025-10-15 09:00:00'),
    (137, 9, 4, '2025-11-14', '06:00', '14:00', 'normalna', 1, '2025-10-15 09:00:00'),
    (138, 9, 4, '2025-11-18', '06:00', '14:00', 'normalna', 1, '2025-10-15 09:00:00'),
    (139, 9, 4, '2025-11-24', '06:00', '11:00', 'normalna', 1, '2025-10-15 09:00:00'),
    (140, 9, 4, '2025-11-28', '06:00', '11:00', 'normalna', 1, '2025-10-15 09:00:00'),
    (141, 10, 5, '2025-11-03', '15:00', '23:00', 'normalna', 1, '2025-10-15 09:00:00'),
    (142, 10, 5, '2025-11-06', '15:00', '23:00', 'normalna', 1, '2025-10-15 09:00:00'),
    (143, 10, 5, '2025-11-09', '15:00', '23:00', 'normalna', 1, '2025-10-15 09:00:00'),
    (144, 10, 5, '2025-11-13', '15:00', '23:00', 'normalna', 1, '2025-10-15 09:00:00'),
    (145, 10, 5, '2025-11-17', '15:00', '23:00', 'normalna', 1, '2025-10-15 09:00:00'),
    (146, 10, 5, '2025-11-21', '15:00', '20:00', 'normalna', 1, '2025-10-15 09:00:00'),
    (147, 10, 5, '2025-11-25', '15:00', '20:00', 'normalna', 1, '2025-10-15 09:00:00'),
    (148, 2, 1, '2025-12-01', '08:00', '16:00', 'normalna', 1, '2025-11-15 09:00:00'),
    (149, 2, 1, '2025-12-02', '08:00', '16:00', 'normalna', 1, '2025-11-15 09:00:00'),
    (150, 2, 1, '2025-12-03', '08:00', '16:00', 'normalna', 1, '2025-11-15 09:00:00'),
    (151, 2, 1, '2025-12-04', '08:00', '16:00', 'normalna', 1, '2025-11-15 09:00:00'),
    (152, 2, 1, '2025-12-05', '08:00', '16:00', 'normalna', 1, '2025-11-15 09:00:00'),
    (153, 2, 1, '2025-12-07', '08:00', '16:00', 'normalna', 1, '2025-11-15 09:00:00'),
    (154, 2, 1, '2025-12-08', '08:00', '16:00', 'normalna', 1, '2025-11-15 09:00:00'),
    (155, 2, 1, '2025-12-09', '08:00', '16:00', 'normalna', 1, '2025-11-15 09:00:00'),
    (156, 2, 1, '2025-12-10', '08:00', '16:00', 'normalna', 1, '2025-11-15 09:00:00'),
    (157, 2, 1, '2025-12-11', '08:00', '16:00', 'normalna', 1, '2025-11-15 09:00:00'),
    (158, 2, 1, '2025-12-12', '08:00', '16:00', 'normalna', 1, '2025-11-15 09:00:00'),
    (159, 2, 1, '2025-12-14', '08:00', '16:00', 'normalna', 1, '2025-11-15 09:00:00'),
    (160, 2, 1, '2025-12-15', '08:00', '16:00', 'normalna', 1, '2025-11-15 09:00:00'),
    (161, 2, 1, '2025-12-16', '08:00', '16:00', 'normalna', 1, '2025-11-15 09:00:00'),
    (162, 2, 1, '2025-12-17', '08:00', '16:00', 'normalna', 1, '2025-11-15 09:00:00'),
    (163, 2, 1, '2025-12-18', '08:00', '16:00', 'normalna', 1, '2025-11-15 09:00:00'),
    (164, 2, 1, '2025-12-19', '08:00', '16:00', 'normalna', 1, '2025-11-15 09:00:00'),
    (165, 2, 1, '2025-12-21', '08:00', '16:00', 'normalna', 1, '2025-11-15 09:00:00'),
    (166, 2, 1, '2025-12-22', '08:00', '16:00', 'normalna', 1, '2025-11-15 09:00:00'),
    (167, 2, 1, '2025-12-23', '08:00', '16:00', 'normalna', 1, '2025-11-15 09:00:00'),
    (168, 2, 1, '2025-12-24', '08:00', '16:00', 'normalna', 1, '2025-11-15 09:00:00'),
    (169, 3, 1, '2025-12-01', '10:00', '18:00', 'normalna', 1, '2025-11-15 09:00:00'),
    (170, 3, 1, '2025-12-02', '10:00', '18:00', 'normalna', 1, '2025-11-15 09:00:00'),
    (171, 3, 1, '2025-12-03', '10:00', '18:00', 'normalna', 1, '2025-11-15 09:00:00'),
    (172, 3, 1, '2025-12-05', '10:00', '18:00', 'normalna', 1, '2025-11-15 09:00:00'),
    (173, 3, 1, '2025-12-06', '10:00', '18:00', 'normalna', 1, '2025-11-15 09:00:00'),
    (174, 3, 1, '2025-12-07', '10:00', '18:00', 'normalna', 1, '2025-11-15 09:00:00'),
    (175, 3, 1, '2025-12-08', '10:00', '18:00', 'normalna', 1, '2025-11-15 09:00:00'),
    (176, 3, 1, '2025-12-09', '10:00', '18:00', 'normalna', 1, '2025-11-15 09:00:00'),
    (177, 3, 1, '2025-12-10', '10:00', '18:00', 'normalna', 1, '2025-11-15 09:00:00'),
    (178, 3, 1, '2025-12-12', '10:00', '18:00', 'normalna', 1, '2025-11-15 09:00:00'),
    (179, 3, 1, '2025-12-13', '10:00', '18:00', 'normalna', 1, '2025-11-15 09:00:00'),
    (180, 3, 1, '2025-12-14', '10:00', '18:00', 'normalna', 1, '2025-11-15 09:00:00'),
    (181, 3, 1, '2025-12-15', '10:00', '18:00', 'normalna', 1, '2025-11-15 09:00:00'),
    (182, 3, 1, '2025-12-16', '10:00', '18:00', 'normalna', 1, '2025-11-15 09:00:00'),
    (183, 3, 1, '2025-12-17', '10:00', '18:00', 'normalna', 1, '2025-11-15 09:00:00'),
    (184, 3, 1, '2025-12-19', '10:00', '18:00', 'normalna', 1, '2025-11-15 09:00:00'),
    (185, 3, 1, '2025-12-20', '10:00', '18:00', 'normalna', 1, '2025-11-15 09:00:00'),
    (186, 3, 1, '2025-12-21', '10:00', '18:00', 'normalna', 1, '2025-11-15 09:00:00'),
    (187, 3, 1, '2025-12-22', '10:00', '18:00', 'normalna', 1, '2025-11-15 09:00:00'),
    (188, 3, 1, '2025-12-23', '10:00', '18:00', 'normalna', 1, '2025-11-15 09:00:00'),
    (189, 3, 1, '2025-12-24', '10:00', '18:00', 'normalna', 1, '2025-11-15 09:00:00'),
    (190, 4, 1, '2025-12-01', '12:00', '20:00', 'normalna', 1, '2025-11-15 09:00:00'),
    (191, 4, 1, '2025-12-03', '12:00', '20:00', 'normalna', 1, '2025-11-15 09:00:00'),
    (192, 4, 1, '2025-12-04', '12:00', '20:00', 'normalna', 1, '2025-11-15 09:00:00'),
    (193, 4, 1, '2025-12-05', '12:00', '20:00', 'normalna', 1, '2025-11-15 09:00:00'),
    (194, 4, 1, '2025-12-06', '12:00', '20:00', 'normalna', 1, '2025-11-15 09:00:00'),
    (195, 4, 1, '2025-12-07', '12:00', '20:00', 'normalna', 1, '2025-11-15 09:00:00'),
    (196, 4, 1, '2025-12-08', '12:00', '20:00', 'normalna', 1, '2025-11-15 09:00:00'),
    (197, 4, 1, '2025-12-09', '12:00', '20:00', 'normalna', 1, '2025-11-15 09:00:00'),
    (198, 4, 1, '2025-12-10', '12:00', '20:00', 'normalna', 1, '2025-11-15 09:00:00'),
    (199, 4, 1, '2025-12-11', '12:00', '20:00', 'normalna', 1, '2025-11-15 09:00:00'),
    (200, 4, 1, '2025-12-12', '12:00', '20:00', 'normalna', 1, '2025-11-15 09:00:00'),
    (201, 4, 1, '2025-12-13', '12:00', '20:00', 'normalna', 1, '2025-11-15 09:00:00'),
    (202, 4, 1, '2025-12-14', '12:00', '20:00', 'normalna', 1, '2025-11-15 09:00:00'),
    (203, 4, 1, '2025-12-15', '12:00', '20:00', 'normalna', 1, '2025-11-15 09:00:00'),
    (204, 4, 1, '2025-12-17', '12:00', '20:00', 'normalna', 1, '2025-11-15 09:00:00'),
    (205, 4, 1, '2025-12-18', '12:00', '20:00', 'normalna', 1, '2025-11-15 09:00:00'),
    (206, 4, 1, '2025-12-19', '12:00', '20:00', 'normalna', 1, '2025-11-15 09:00:00'),
    (207, 4, 1, '2025-12-20', '12:00', '20:00', 'normalna', 1, '2025-11-15 09:00:00'),
    (208, 4, 1, '2025-12-21', '12:00', '20:00', 'normalna', 1, '2025-11-15 09:00:00'),
    (209, 4, 1, '2025-12-22', '12:00', '20:00', 'normalna', 1, '2025-11-15 09:00:00'),
    (210, 4, 1, '2025-12-24', '12:00', '20:00', 'normalna', 1, '2025-11-15 09:00:00'),
    (211, 5, 2, '2025-12-01', '06:00', '14:00', 'normalna', 1, '2025-11-15 09:00:00'),
    (212, 5, 2, '2025-12-02', '06:00', '14:00', 'normalna', 1, '2025-11-15 09:00:00'),
    (213, 5, 2, '2025-12-04', '06:00', '14:00', 'normalna', 1, '2025-11-15 09:00:00'),
    (214, 5, 2, '2025-12-05', '06:00', '14:00', 'normalna', 1, '2025-11-15 09:00:00'),
    (215, 5, 2, '2025-12-06', '06:00', '14:00', 'normalna', 1, '2025-11-15 09:00:00'),
    (216, 5, 2, '2025-12-07', '06:00', '14:00', 'normalna', 1, '2025-11-15 09:00:00'),
    (217, 5, 2, '2025-12-08', '06:00', '14:00', 'normalna', 1, '2025-11-15 09:00:00'),
    (218, 5, 2, '2025-12-09', '06:00', '14:00', 'normalna', 1, '2025-11-15 09:00:00'),
    (219, 5, 2, '2025-12-11', '06:00', '14:00', 'normalna', 1, '2025-11-15 09:00:00'),
    (220, 5, 2, '2025-12-12', '06:00', '14:00', 'normalna', 1, '2025-11-15 09:00:00'),
    (221, 5, 2, '2025-12-13', '06:00', '14:00', 'normalna', 1, '2025-11-15 09:00:00'),
    (222, 5, 2, '2025-12-14', '06:00', '14:00', 'normalna', 1, '2025-11-15 09:00:00'),
    (223, 5, 2, '2025-12-15', '06:00', '14:00', 'normalna', 1, '2025-11-15 09:00:00'),
    (224, 5, 2, '2025-12-16', '06:00', '14:00', 'normalna', 1, '2025-11-15 09:00:00'),
    (225, 5, 2, '2025-12-18', '06:00', '14:00', 'normalna', 1, '2025-11-15 09:00:00'),
    (226, 5, 2, '2025-12-19', '06:00', '14:00', 'normalna', 1, '2025-11-15 09:00:00'),
    (227, 5, 2, '2025-12-20', '06:00', '14:00', 'normalna', 1, '2025-11-15 09:00:00'),
    (228, 5, 2, '2025-12-21', '06:00', '14:00', 'normalna', 1, '2025-11-15 09:00:00'),
    (229, 5, 2, '2025-12-22', '06:00', '14:00', 'normalna', 1, '2025-11-15 09:00:00'),
    (230, 5, 2, '2025-12-23', '06:00', '14:00', 'normalna', 1, '2025-11-15 09:00:00'),
    (231, 5, 2, '2025-12-24', '06:00', '14:00', 'normalna', 1, '2025-11-15 09:00:00'),
    (232, 6, 2, '2025-12-01', '14:00', '22:00', 'normalna', 1, '2025-11-15 09:00:00'),
    (233, 6, 2, '2025-12-02', '14:00', '22:00', 'normalna', 1, '2025-11-15 09:00:00'),
    (234, 6, 2, '2025-12-03', '14:00', '22:00', 'normalna', 1, '2025-11-15 09:00:00'),
    (235, 6, 2, '2025-12-04', '14:00', '22:00', 'normalna', 1, '2025-11-15 09:00:00'),
    (236, 6, 2, '2025-12-05', '14:00', '22:00', 'normalna', 1, '2025-11-15 09:00:00'),
    (237, 6, 2, '2025-12-06', '14:00', '22:00', 'normalna', 1, '2025-11-15 09:00:00'),
    (238, 6, 2, '2025-12-08', '14:00', '22:00', 'normalna', 1, '2025-11-15 09:00:00'),
    (239, 6, 2, '2025-12-09', '14:00', '22:00', 'normalna', 1, '2025-11-15 09:00:00'),
    (240, 6, 2, '2025-12-10', '14:00', '22:00', 'normalna', 1, '2025-11-15 09:00:00'),
    (241, 6, 2, '2025-12-11', '14:00', '22:00', 'normalna', 1, '2025-11-15 09:00:00'),
    (242, 6, 2, '2025-12-12', '14:00', '22:00', 'normalna', 1, '2025-11-15 09:00:00'),
    (243, 6, 2, '2025-12-13', '14:00', '22:00', 'normalna', 1, '2025-11-15 09:00:00'),
    (244, 6, 2, '2025-12-15', '14:00', '22:00', 'normalna', 1, '2025-11-15 09:00:00'),
    (245, 6, 2, '2025-12-16', '14:00', '22:00', 'normalna', 1, '2025-11-15 09:00:00'),
    (246, 6, 2, '2025-12-17', '14:00', '22:00', 'normalna', 1, '2025-11-15 09:00:00'),
    (247, 6, 2, '2025-12-18', '14:00', '22:00', 'normalna', 1, '2025-11-15 09:00:00'),
    (248, 6, 2, '2025-12-19', '14:00', '22:00', 'normalna', 1, '2025-11-15 09:00:00'),
    (249, 6, 2, '2025-12-20', '14:00', '22:00', 'normalna', 1, '2025-11-15 09:00:00'),
    (250, 6, 2, '2025-12-21', '14:00', '22:00', 'normalna', 1, '2025-11-15 09:00:00'),
    (251, 6, 2, '2025-12-22', '14:00', '22:00', 'normalna', 1, '2025-11-15 09:00:00'),
    (252, 6, 2, '2025-12-23', '14:00', '22:00', 'normalna', 1, '2025-11-15 09:00:00'),
    (253, 7, 3, '2025-12-01', '04:00', '12:00', 'normalna', 1, '2025-11-15 09:00:00'),
    (254, 7, 3, '2025-12-02', '04:00', '12:00', 'normalna', 1, '2025-11-15 09:00:00'),
    (255, 7, 3, '2025-12-03', '04:00', '12:00', 'normalna', 1, '2025-11-15 09:00:00'),
    (256, 7, 3, '2025-12-04', '04:00', '12:00', 'normalna', 1, '2025-11-15 09:00:00'),
    (257, 7, 3, '2025-12-06', '04:00', '12:00', 'normalna', 1, '2025-11-15 09:00:00'),
    (258, 7, 3, '2025-12-07', '04:00', '12:00', 'normalna', 1, '2025-11-15 09:00:00'),
    (259, 7, 3, '2025-12-08', '04:00', '12:00', 'normalna', 1, '2025-11-15 09:00:00'),
    (260, 7, 3, '2025-12-09', '04:00', '12:00', 'normalna', 1, '2025-11-15 09:00:00'),
    (261, 7, 3, '2025-12-10', '04:00', '12:00', 'normalna', 1, '2025-11-15 09:00:00'),
    (262, 7, 3, '2025-12-11', '04:00', '12:00', 'normalna', 1, '2025-11-15 09:00:00'),
    (263, 7, 3, '2025-12-12', '04:00', '12:00', 'normalna', 1, '2025-11-15 09:00:00'),
    (264, 7, 3, '2025-12-13', '04:00', '12:00', 'normalna', 1, '2025-11-15 09:00:00'),
    (265, 7, 3, '2025-12-14', '04:00', '12:00', 'normalna', 1, '2025-11-15 09:00:00'),
    (266, 7, 3, '2025-12-15', '04:00', '12:00', 'normalna', 1, '2025-11-15 09:00:00'),
    (267, 7, 3, '2025-12-16', '04:00', '12:00', 'normalna', 1, '2025-11-15 09:00:00'),
    (268, 7, 3, '2025-12-17', '04:00', '12:00', 'normalna', 1, '2025-11-15 09:00:00'),
    (269, 7, 3, '2025-12-18', '04:00', '12:00', 'normalna', 1, '2025-11-15 09:00:00'),
    (270, 7, 3, '2025-12-20', '04:00', '12:00', 'normalna', 1, '2025-11-15 09:00:00'),
    (271, 7, 3, '2025-12-21', '04:00', '12:00', 'normalna', 1, '2025-11-15 09:00:00'),
    (272, 7, 3, '2025-12-22', '04:00', '12:00', 'normalna', 1, '2025-11-15 09:00:00'),
    (273, 7, 3, '2025-12-23', '04:00', '12:00', 'normalna', 1, '2025-11-15 09:00:00'),
    (274, 8, 3, '2025-12-02', '05:00', '13:00', 'normalna', 1, '2025-11-15 09:00:00'),
    (275, 8, 3, '2025-12-06', '05:00', '13:00', 'normalna', 1, '2025-11-15 09:00:00'),
    (276, 8, 3, '2025-12-10', '05:00', '13:00', 'normalna', 1, '2025-11-15 09:00:00'),
    (277, 8, 3, '2025-12-14', '05:00', '13:00', 'normalna', 1, '2025-11-15 09:00:00'),
    (278, 8, 3, '2025-12-18', '05:00', '13:00', 'normalna', 1, '2025-11-15 09:00:00'),
    (279, 8, 3, '2025-12-22', '05:00', '10:00', 'normalna', 1, '2025-11-15 09:00:00'),
    (280, 8, 3, '2025-12-29', '05:00', '10:00', 'normalna', 1, '2025-11-15 09:00:00'),
    (281, 9, 4, '2025-12-03', '06:00', '14:00', 'normalna', 1, '2025-11-15 09:00:00'),
    (282, 9, 4, '2025-12-07', '06:00', '14:00', 'normalna', 1, '2025-11-15 09:00:00'),
    (283, 9, 4, '2025-12-11', '06:00', '14:00', 'normalna', 1, '2025-11-15 09:00:00'),
    (284, 9, 4, '2025-12-15', '06:00', '14:00', 'normalna', 1, '2025-11-15 09:00:00'),
    (285, 9, 4, '2025-12-19', '06:00', '14:00', 'normalna', 1, '2025-11-15 09:00:00'),
    (286, 9, 4, '2025-12-23', '06:00', '11:00', 'normalna', 1, '2025-11-15 09:00:00'),
    (287, 9, 4, '2025-12-27', '06:00', '11:00', 'normalna', 1, '2025-11-15 09:00:00'),
    (288, 10, 5, '2025-12-04', '15:00', '23:00', 'normalna', 1, '2025-11-15 09:00:00'),
    (289, 10, 5, '2025-12-08', '15:00', '23:00', 'normalna', 1, '2025-11-15 09:00:00'),
    (290, 10, 5, '2025-12-12', '15:00', '23:00', 'normalna', 1, '2025-11-15 09:00:00'),
    (291, 10, 5, '2025-12-16', '15:00', '23:00', 'normalna', 1, '2025-11-15 09:00:00'),
    (292, 10, 5, '2025-12-20', '15:00', '23:00', 'normalna', 1, '2025-11-15 09:00:00'),
    (293, 10, 5, '2025-12-24', '15:00', '20:00', 'normalna', 1, '2025-11-15 09:00:00'),
    (294, 10, 5, '2025-12-30', '15:00', '20:00', 'normalna', 1, '2025-11-15 09:00:00');

-- Raporty pracy dla prostej firmy (listopad/grudzień 2025)
INSERT INTO public.work_reports (report_id, user_id, project_id, work_date, hours_spent, created_at, minutes_spent, description, time_from, time_to, status, submitted_at, approved_at, rejected_at, reviewed_by_user_id, reviewer_comment)
VALUES
    (1, 2, 1, '2025-11-01', 8, '2025-11-01 15:15:00', 0, 'Koordynacja zmian i wsparcie HR. Projekt: Kelner', '08:00', '16:00', 'zaakceptowany', '2025-11-01 16:15:00+01', '2025-11-02 09:00:00+01', NULL, 1, 'Zatwierdzono bez uwag.'),
    (2, 2, 1, '2025-11-02', 8, '2025-11-02 15:15:00', 0, 'Koordynacja zmian i wsparcie HR. Projekt: Kelner', '08:00', '16:00', 'zaakceptowany', '2025-11-02 16:15:00+01', '2025-11-03 09:00:00+01', NULL, 1, 'Zatwierdzono bez uwag.'),
    (3, 2, 1, '2025-11-03', 8, '2025-11-03 15:15:00', 0, 'Koordynacja zmian i wsparcie HR. Projekt: Kelner', '08:00', '16:00', 'zaakceptowany', '2025-11-03 16:15:00+01', '2025-11-04 09:00:00+01', NULL, 1, 'Zatwierdzono bez uwag.'),
    (4, 2, 1, '2025-11-04', 8, '2025-11-04 15:15:00', 0, 'Koordynacja zmian i wsparcie HR. Projekt: Kelner', '08:00', '16:00', 'zaakceptowany', '2025-11-04 16:15:00+01', '2025-11-05 09:00:00+01', NULL, 1, 'Zatwierdzono bez uwag.'),
    (5, 2, 1, '2025-11-05', 8, '2025-11-05 15:15:00', 0, 'Koordynacja zmian i wsparcie HR. Projekt: Kelner', '08:00', '16:00', 'zaakceptowany', '2025-11-05 16:15:00+01', '2025-11-06 09:00:00+01', NULL, 1, 'Zatwierdzono bez uwag.'),
    (6, 2, 1, '2025-11-06', 8, '2025-11-06 15:15:00', 0, 'Koordynacja zmian i wsparcie HR. Projekt: Kelner', '08:00', '16:00', 'zaakceptowany', '2025-11-06 16:15:00+01', '2025-11-07 09:00:00+01', NULL, 1, 'Zatwierdzono bez uwag.'),
    (7, 2, 1, '2025-11-08', 8, '2025-11-08 15:15:00', 0, 'Koordynacja zmian i wsparcie HR. Projekt: Kelner', '08:00', '16:00', 'zaakceptowany', '2025-11-08 16:15:00+01', '2025-11-09 09:00:00+01', NULL, 1, 'Zatwierdzono bez uwag.'),
    (8, 2, 1, '2025-11-09', 8, '2025-11-09 15:15:00', 0, 'Koordynacja zmian i wsparcie HR. Projekt: Kelner', '08:00', '16:00', 'zaakceptowany', '2025-11-09 16:15:00+01', '2025-11-10 09:00:00+01', NULL, 1, 'Zatwierdzono bez uwag.'),
    (9, 2, 1, '2025-11-10', 8, '2025-11-10 15:15:00', 0, 'Koordynacja zmian i wsparcie HR. Projekt: Kelner', '08:00', '16:00', 'zaakceptowany', '2025-11-10 16:15:00+01', '2025-11-11 09:00:00+01', NULL, 1, 'Zatwierdzono bez uwag.'),
    (10, 2, 1, '2025-11-11', 8, '2025-11-11 15:15:00', 0, 'Koordynacja zmian i wsparcie HR. Projekt: Kelner', '08:00', '16:00', 'zaakceptowany', '2025-11-11 16:15:00+01', '2025-11-12 09:00:00+01', NULL, 1, 'Zatwierdzono bez uwag.'),
    (11, 2, 1, '2025-11-12', 8, '2025-11-12 15:15:00', 0, 'Koordynacja zmian i wsparcie HR. Projekt: Kelner', '08:00', '16:00', 'zaakceptowany', '2025-11-12 16:15:00+01', '2025-11-13 09:00:00+01', NULL, 1, 'Zatwierdzono bez uwag.'),
    (12, 2, 1, '2025-11-13', 8, '2025-11-13 15:15:00', 0, 'Koordynacja zmian i wsparcie HR. Projekt: Kelner', '08:00', '16:00', 'zaakceptowany', '2025-11-13 16:15:00+01', '2025-11-14 09:00:00+01', NULL, 1, 'Zatwierdzono bez uwag.'),
    (13, 2, 1, '2025-11-15', 8, '2025-11-15 15:15:00', 0, 'Koordynacja zmian i wsparcie HR. Projekt: Kelner', '08:00', '16:00', 'zaakceptowany', '2025-11-15 16:15:00+01', '2025-11-16 09:00:00+01', NULL, 1, 'Zatwierdzono bez uwag.'),
    (14, 2, 1, '2025-11-16', 8, '2025-11-16 15:15:00', 0, 'Koordynacja zmian i wsparcie HR. Projekt: Kelner', '08:00', '16:00', 'zaakceptowany', '2025-11-16 16:15:00+01', '2025-11-17 09:00:00+01', NULL, 1, 'Zatwierdzono bez uwag.'),
    (15, 2, 1, '2025-11-17', 8, '2025-11-17 15:15:00', 0, 'Koordynacja zmian i wsparcie HR. Projekt: Kelner', '08:00', '16:00', 'zaakceptowany', '2025-11-17 16:15:00+01', '2025-11-18 09:00:00+01', NULL, 1, 'Zatwierdzono bez uwag.'),
    (16, 2, 1, '2025-11-18', 8, '2025-11-18 15:15:00', 0, 'Koordynacja zmian i wsparcie HR. Projekt: Kelner', '08:00', '16:00', 'zaakceptowany', '2025-11-18 16:15:00+01', '2025-11-19 09:00:00+01', NULL, 1, 'Zatwierdzono bez uwag.'),
    (17, 2, 1, '2025-11-19', 8, '2025-11-19 15:15:00', 0, 'Koordynacja zmian i wsparcie HR. Projekt: Kelner', '08:00', '16:00', 'zaakceptowany', '2025-11-19 16:15:00+01', '2025-11-20 09:00:00+01', NULL, 1, 'Zatwierdzono bez uwag.'),
    (18, 2, 1, '2025-11-20', 8, '2025-11-20 15:15:00', 0, 'Koordynacja zmian i wsparcie HR. Projekt: Kelner', '08:00', '16:00', 'zaakceptowany', '2025-11-20 16:15:00+01', '2025-11-21 09:00:00+01', NULL, 1, 'Zatwierdzono bez uwag.'),
    (19, 2, 1, '2025-11-22', 8, '2025-11-22 15:15:00', 0, 'Koordynacja zmian i wsparcie HR. Projekt: Kelner', '08:00', '16:00', 'zaakceptowany', '2025-11-22 16:15:00+01', '2025-11-23 09:00:00+01', NULL, 1, 'Zatwierdzono bez uwag.'),
    (20, 2, 1, '2025-11-23', 8, '2025-11-23 15:15:00', 0, 'Koordynacja zmian i wsparcie HR. Projekt: Kelner', '08:00', '16:00', 'oczekuje_na_akceptacje', '2025-11-23 16:15:00+01', NULL, NULL, NULL, 'Weryfikacja w toku.'),
    (21, 2, 1, '2025-11-24', 8, '2025-11-24 15:15:00', 0, 'Koordynacja zmian i wsparcie HR. Projekt: Kelner', '08:00', '16:00', 'odrzucony', '2025-11-24 16:15:00+01', NULL, '2025-11-25 09:00:00+01', 1, 'Raport odrzucony – popraw dane.'),
    (22, 3, 1, '2025-11-01', 8, '2025-11-01 17:15:00', 0, 'Obsługa stolików i kontakt z gośćmi. Projekt: Kelner', '10:00', '18:00', 'zaakceptowany', '2025-11-01 18:15:00+01', '2025-11-02 09:00:00+01', NULL, 2, 'Zatwierdzono bez uwag.'),
    (23, 3, 1, '2025-11-02', 8, '2025-11-02 17:15:00', 0, 'Obsługa stolików i kontakt z gośćmi. Projekt: Kelner', '10:00', '18:00', 'zaakceptowany', '2025-11-02 18:15:00+01', '2025-11-03 09:00:00+01', NULL, 2, 'Zatwierdzono bez uwag.'),
    (24, 3, 1, '2025-11-03', 8, '2025-11-03 17:15:00', 0, 'Obsługa stolików i kontakt z gośćmi. Projekt: Kelner', '10:00', '18:00', 'zaakceptowany', '2025-11-03 18:15:00+01', '2025-11-04 09:00:00+01', NULL, 2, 'Zatwierdzono bez uwag.'),
    (25, 3, 1, '2025-11-04', 8, '2025-11-04 17:15:00', 0, 'Obsługa stolików i kontakt z gośćmi. Projekt: Kelner', '10:00', '18:00', 'zaakceptowany', '2025-11-04 18:15:00+01', '2025-11-05 09:00:00+01', NULL, 2, 'Zatwierdzono bez uwag.'),
    (26, 3, 1, '2025-11-06', 8, '2025-11-06 17:15:00', 0, 'Obsługa stolików i kontakt z gośćmi. Projekt: Kelner', '10:00', '18:00', 'zaakceptowany', '2025-11-06 18:15:00+01', '2025-11-07 09:00:00+01', NULL, 2, 'Zatwierdzono bez uwag.'),
    (27, 3, 1, '2025-11-07', 8, '2025-11-07 17:15:00', 0, 'Obsługa stolików i kontakt z gośćmi. Projekt: Kelner', '10:00', '18:00', 'zaakceptowany', '2025-11-07 18:15:00+01', '2025-11-08 09:00:00+01', NULL, 2, 'Zatwierdzono bez uwag.'),
    (28, 3, 1, '2025-11-08', 8, '2025-11-08 17:15:00', 0, 'Obsługa stolików i kontakt z gośćmi. Projekt: Kelner', '10:00', '18:00', 'zaakceptowany', '2025-11-08 18:15:00+01', '2025-11-09 09:00:00+01', NULL, 2, 'Zatwierdzono bez uwag.'),
    (29, 3, 1, '2025-11-09', 8, '2025-11-09 17:15:00', 0, 'Obsługa stolików i kontakt z gośćmi. Projekt: Kelner', '10:00', '18:00', 'zaakceptowany', '2025-11-09 18:15:00+01', '2025-11-10 09:00:00+01', NULL, 2, 'Zatwierdzono bez uwag.'),
    (30, 3, 1, '2025-11-10', 8, '2025-11-10 17:15:00', 0, 'Obsługa stolików i kontakt z gośćmi. Projekt: Kelner', '10:00', '18:00', 'zaakceptowany', '2025-11-10 18:15:00+01', '2025-11-11 09:00:00+01', NULL, 2, 'Zatwierdzono bez uwag.'),
    (31, 3, 1, '2025-11-11', 8, '2025-11-11 17:15:00', 0, 'Obsługa stolików i kontakt z gośćmi. Projekt: Kelner', '10:00', '18:00', 'zaakceptowany', '2025-11-11 18:15:00+01', '2025-11-12 09:00:00+01', NULL, 2, 'Zatwierdzono bez uwag.'),
    (32, 3, 1, '2025-11-13', 8, '2025-11-13 17:15:00', 0, 'Obsługa stolików i kontakt z gośćmi. Projekt: Kelner', '10:00', '18:00', 'zaakceptowany', '2025-11-13 18:15:00+01', '2025-11-14 09:00:00+01', NULL, 2, 'Zatwierdzono bez uwag.'),
    (33, 3, 1, '2025-11-14', 8, '2025-11-14 17:15:00', 0, 'Obsługa stolików i kontakt z gośćmi. Projekt: Kelner', '10:00', '18:00', 'zaakceptowany', '2025-11-14 18:15:00+01', '2025-11-15 09:00:00+01', NULL, 2, 'Zatwierdzono bez uwag.'),
    (34, 3, 1, '2025-11-15', 8, '2025-11-15 17:15:00', 0, 'Obsługa stolików i kontakt z gośćmi. Projekt: Kelner', '10:00', '18:00', 'zaakceptowany', '2025-11-15 18:15:00+01', '2025-11-16 09:00:00+01', NULL, 2, 'Zatwierdzono bez uwag.'),
    (35, 3, 1, '2025-11-16', 8, '2025-11-16 17:15:00', 0, 'Obsługa stolików i kontakt z gośćmi. Projekt: Kelner', '10:00', '18:00', 'zaakceptowany', '2025-11-16 18:15:00+01', '2025-11-17 09:00:00+01', NULL, 2, 'Zatwierdzono bez uwag.'),
    (36, 3, 1, '2025-11-17', 8, '2025-11-17 17:15:00', 0, 'Obsługa stolików i kontakt z gośćmi. Projekt: Kelner', '10:00', '18:00', 'zaakceptowany', '2025-11-17 18:15:00+01', '2025-11-18 09:00:00+01', NULL, 2, 'Zatwierdzono bez uwag.'),
    (37, 3, 1, '2025-11-18', 8, '2025-11-18 17:15:00', 0, 'Obsługa stolików i kontakt z gośćmi. Projekt: Kelner', '10:00', '18:00', 'zaakceptowany', '2025-11-18 18:15:00+01', '2025-11-19 09:00:00+01', NULL, 2, 'Zatwierdzono bez uwag.'),
    (38, 3, 1, '2025-11-20', 8, '2025-11-20 17:15:00', 0, 'Obsługa stolików i kontakt z gośćmi. Projekt: Kelner', '10:00', '18:00', 'zaakceptowany', '2025-11-20 18:15:00+01', '2025-11-21 09:00:00+01', NULL, 2, 'Zatwierdzono bez uwag.'),
    (39, 3, 1, '2025-11-21', 8, '2025-11-21 17:15:00', 0, 'Obsługa stolików i kontakt z gośćmi. Projekt: Kelner', '10:00', '18:00', 'zaakceptowany', '2025-11-21 18:15:00+01', '2025-11-22 09:00:00+01', NULL, 2, 'Zatwierdzono bez uwag.'),
    (40, 3, 1, '2025-11-22', 8, '2025-11-22 17:15:00', 0, 'Obsługa stolików i kontakt z gośćmi. Projekt: Kelner', '10:00', '18:00', 'zaakceptowany', '2025-11-22 18:15:00+01', '2025-11-23 09:00:00+01', NULL, 2, 'Zatwierdzono bez uwag.'),
    (41, 3, 1, '2025-11-23', 8, '2025-11-23 17:15:00', 0, 'Obsługa stolików i kontakt z gośćmi. Projekt: Kelner', '10:00', '18:00', 'oczekuje_na_akceptacje', '2025-11-23 18:15:00+01', NULL, NULL, NULL, 'Weryfikacja w toku.'),
    (42, 3, 1, '2025-11-24', 8, '2025-11-24 17:15:00', 0, 'Obsługa stolików i kontakt z gośćmi. Projekt: Kelner', '10:00', '18:00', 'odrzucony', '2025-11-24 18:15:00+01', NULL, '2025-11-25 09:00:00+01', 2, 'Raport odrzucony – popraw dane.'),
    (43, 4, 1, '2025-11-01', 8, '2025-11-01 19:15:00', 0, 'Serwis popołudniowy wraz z zamknięciem sali. Projekt: Kelner', '12:00', '20:00', 'zaakceptowany', '2025-11-01 20:15:00+01', '2025-11-02 09:00:00+01', NULL, 1, 'Zatwierdzono bez uwag.'),
    (44, 4, 1, '2025-11-02', 8, '2025-11-02 19:15:00', 0, 'Serwis popołudniowy wraz z zamknięciem sali. Projekt: Kelner', '12:00', '20:00', 'zaakceptowany', '2025-11-02 20:15:00+01', '2025-11-03 09:00:00+01', NULL, 1, 'Zatwierdzono bez uwag.'),
    (45, 4, 1, '2025-11-04', 8, '2025-11-04 19:15:00', 0, 'Serwis popołudniowy wraz z zamknięciem sali. Projekt: Kelner', '12:00', '20:00', 'zaakceptowany', '2025-11-04 20:15:00+01', '2025-11-05 09:00:00+01', NULL, 1, 'Zatwierdzono bez uwag.'),
    (46, 4, 1, '2025-11-05', 8, '2025-11-05 19:15:00', 0, 'Serwis popołudniowy wraz z zamknięciem sali. Projekt: Kelner', '12:00', '20:00', 'zaakceptowany', '2025-11-05 20:15:00+01', '2025-11-06 09:00:00+01', NULL, 1, 'Zatwierdzono bez uwag.'),
    (47, 4, 1, '2025-11-06', 8, '2025-11-06 19:15:00', 0, 'Serwis popołudniowy wraz z zamknięciem sali. Projekt: Kelner', '12:00', '20:00', 'zaakceptowany', '2025-11-06 20:15:00+01', '2025-11-07 09:00:00+01', NULL, 1, 'Zatwierdzono bez uwag.'),
    (48, 4, 1, '2025-11-07', 8, '2025-11-07 19:15:00', 0, 'Serwis popołudniowy wraz z zamknięciem sali. Projekt: Kelner', '12:00', '20:00', 'zaakceptowany', '2025-11-07 20:15:00+01', '2025-11-08 09:00:00+01', NULL, 1, 'Zatwierdzono bez uwag.'),
    (49, 4, 1, '2025-11-08', 8, '2025-11-08 19:15:00', 0, 'Serwis popołudniowy wraz z zamknięciem sali. Projekt: Kelner', '12:00', '20:00', 'zaakceptowany', '2025-11-08 20:15:00+01', '2025-11-09 09:00:00+01', NULL, 1, 'Zatwierdzono bez uwag.'),
    (50, 4, 1, '2025-11-09', 8, '2025-11-09 19:15:00', 0, 'Serwis popołudniowy wraz z zamknięciem sali. Projekt: Kelner', '12:00', '20:00', 'zaakceptowany', '2025-11-09 20:15:00+01', '2025-11-10 09:00:00+01', NULL, 1, 'Zatwierdzono bez uwag.'),
    (51, 4, 1, '2025-11-10', 8, '2025-11-10 19:15:00', 0, 'Serwis popołudniowy wraz z zamknięciem sali. Projekt: Kelner', '12:00', '20:00', 'zaakceptowany', '2025-11-10 20:15:00+01', '2025-11-11 09:00:00+01', NULL, 1, 'Zatwierdzono bez uwag.'),
    (52, 4, 1, '2025-11-11', 8, '2025-11-11 19:15:00', 0, 'Serwis popołudniowy wraz z zamknięciem sali. Projekt: Kelner', '12:00', '20:00', 'zaakceptowany', '2025-11-11 20:15:00+01', '2025-11-12 09:00:00+01', NULL, 1, 'Zatwierdzono bez uwag.'),
    (53, 4, 1, '2025-11-12', 8, '2025-11-12 19:15:00', 0, 'Serwis popołudniowy wraz z zamknięciem sali. Projekt: Kelner', '12:00', '20:00', 'zaakceptowany', '2025-11-12 20:15:00+01', '2025-11-13 09:00:00+01', NULL, 1, 'Zatwierdzono bez uwag.'),
    (54, 4, 1, '2025-11-13', 8, '2025-11-13 19:15:00', 0, 'Serwis popołudniowy wraz z zamknięciem sali. Projekt: Kelner', '12:00', '20:00', 'zaakceptowany', '2025-11-13 20:15:00+01', '2025-11-14 09:00:00+01', NULL, 1, 'Zatwierdzono bez uwag.'),
    (55, 4, 1, '2025-11-14', 8, '2025-11-14 19:15:00', 0, 'Serwis popołudniowy wraz z zamknięciem sali. Projekt: Kelner', '12:00', '20:00', 'zaakceptowany', '2025-11-14 20:15:00+01', '2025-11-15 09:00:00+01', NULL, 1, 'Zatwierdzono bez uwag.'),
    (56, 4, 1, '2025-11-15', 8, '2025-11-15 19:15:00', 0, 'Serwis popołudniowy wraz z zamknięciem sali. Projekt: Kelner', '12:00', '20:00', 'zaakceptowany', '2025-11-15 20:15:00+01', '2025-11-16 09:00:00+01', NULL, 1, 'Zatwierdzono bez uwag.'),
    (57, 4, 1, '2025-11-16', 8, '2025-11-16 19:15:00', 0, 'Serwis popołudniowy wraz z zamknięciem sali. Projekt: Kelner', '12:00', '20:00', 'zaakceptowany', '2025-11-16 20:15:00+01', '2025-11-17 09:00:00+01', NULL, 1, 'Zatwierdzono bez uwag.'),
    (58, 4, 1, '2025-11-18', 8, '2025-11-18 19:15:00', 0, 'Serwis popołudniowy wraz z zamknięciem sali. Projekt: Kelner', '12:00', '20:00', 'zaakceptowany', '2025-11-18 20:15:00+01', '2025-11-19 09:00:00+01', NULL, 1, 'Zatwierdzono bez uwag.'),
    (59, 4, 1, '2025-11-19', 8, '2025-11-19 19:15:00', 0, 'Serwis popołudniowy wraz z zamknięciem sali. Projekt: Kelner', '12:00', '20:00', 'zaakceptowany', '2025-11-19 20:15:00+01', '2025-11-20 09:00:00+01', NULL, 1, 'Zatwierdzono bez uwag.'),
    (60, 4, 1, '2025-11-20', 8, '2025-11-20 19:15:00', 0, 'Serwis popołudniowy wraz z zamknięciem sali. Projekt: Kelner', '12:00', '20:00', 'zaakceptowany', '2025-11-20 20:15:00+01', '2025-11-21 09:00:00+01', NULL, 1, 'Zatwierdzono bez uwag.'),
    (61, 4, 1, '2025-11-21', 8, '2025-11-21 19:15:00', 0, 'Serwis popołudniowy wraz z zamknięciem sali. Projekt: Kelner', '12:00', '20:00', 'zaakceptowany', '2025-11-21 20:15:00+01', '2025-11-22 09:00:00+01', NULL, 1, 'Zatwierdzono bez uwag.'),
    (62, 4, 1, '2025-11-22', 8, '2025-11-22 19:15:00', 0, 'Serwis popołudniowy wraz z zamknięciem sali. Projekt: Kelner', '12:00', '20:00', 'oczekuje_na_akceptacje', '2025-11-22 20:15:00+01', NULL, NULL, NULL, 'Weryfikacja w toku.'),
    (63, 4, 1, '2025-11-23', 8, '2025-11-23 19:15:00', 0, 'Serwis popołudniowy wraz z zamknięciem sali. Projekt: Kelner', '12:00', '20:00', 'odrzucony', '2025-11-23 20:15:00+01', NULL, '2025-11-24 09:00:00+01', 1, 'Raport odrzucony – popraw dane.'),
    (64, 5, 2, '2025-11-01', 8, '2025-11-01 13:15:00', 0, 'Przygotowanie mise en place i linii gorącej. Projekt: Kuchnia', '06:00', '14:00', 'zaakceptowany', '2025-11-01 14:15:00+01', '2025-11-02 09:00:00+01', NULL, 2, 'Zatwierdzono bez uwag.'),
    (65, 5, 2, '2025-11-02', 8, '2025-11-02 13:15:00', 0, 'Przygotowanie mise en place i linii gorącej. Projekt: Kuchnia', '06:00', '14:00', 'zaakceptowany', '2025-11-02 14:15:00+01', '2025-11-03 09:00:00+01', NULL, 2, 'Zatwierdzono bez uwag.'),
    (66, 5, 2, '2025-11-03', 8, '2025-11-03 13:15:00', 0, 'Przygotowanie mise en place i linii gorącej. Projekt: Kuchnia', '06:00', '14:00', 'zaakceptowany', '2025-11-03 14:15:00+01', '2025-11-04 09:00:00+01', NULL, 2, 'Zatwierdzono bez uwag.'),
    (67, 5, 2, '2025-11-04', 8, '2025-11-04 13:15:00', 0, 'Przygotowanie mise en place i linii gorącej. Projekt: Kuchnia', '06:00', '14:00', 'zaakceptowany', '2025-11-04 14:15:00+01', '2025-11-05 09:00:00+01', NULL, 2, 'Zatwierdzono bez uwag.'),
    (68, 5, 2, '2025-11-05', 8, '2025-11-05 13:15:00', 0, 'Przygotowanie mise en place i linii gorącej. Projekt: Kuchnia', '06:00', '14:00', 'zaakceptowany', '2025-11-05 14:15:00+01', '2025-11-06 09:00:00+01', NULL, 2, 'Zatwierdzono bez uwag.'),
    (69, 5, 2, '2025-11-07', 8, '2025-11-07 13:15:00', 0, 'Przygotowanie mise en place i linii gorącej. Projekt: Kuchnia', '06:00', '14:00', 'zaakceptowany', '2025-11-07 14:15:00+01', '2025-11-08 09:00:00+01', NULL, 2, 'Zatwierdzono bez uwag.'),
    (70, 5, 2, '2025-11-08', 8, '2025-11-08 13:15:00', 0, 'Przygotowanie mise en place i linii gorącej. Projekt: Kuchnia', '06:00', '14:00', 'zaakceptowany', '2025-11-08 14:15:00+01', '2025-11-09 09:00:00+01', NULL, 2, 'Zatwierdzono bez uwag.'),
    (71, 5, 2, '2025-11-09', 8, '2025-11-09 13:15:00', 0, 'Przygotowanie mise en place i linii gorącej. Projekt: Kuchnia', '06:00', '14:00', 'zaakceptowany', '2025-11-09 14:15:00+01', '2025-11-10 09:00:00+01', NULL, 2, 'Zatwierdzono bez uwag.'),
    (72, 5, 2, '2025-11-10', 8, '2025-11-10 13:15:00', 0, 'Przygotowanie mise en place i linii gorącej. Projekt: Kuchnia', '06:00', '14:00', 'zaakceptowany', '2025-11-10 14:15:00+01', '2025-11-11 09:00:00+01', NULL, 2, 'Zatwierdzono bez uwag.'),
    (73, 5, 2, '2025-11-11', 8, '2025-11-11 13:15:00', 0, 'Przygotowanie mise en place i linii gorącej. Projekt: Kuchnia', '06:00', '14:00', 'zaakceptowany', '2025-11-11 14:15:00+01', '2025-11-12 09:00:00+01', NULL, 2, 'Zatwierdzono bez uwag.'),
    (74, 5, 2, '2025-11-12', 8, '2025-11-12 13:15:00', 0, 'Przygotowanie mise en place i linii gorącej. Projekt: Kuchnia', '06:00', '14:00', 'zaakceptowany', '2025-11-12 14:15:00+01', '2025-11-13 09:00:00+01', NULL, 2, 'Zatwierdzono bez uwag.'),
    (75, 5, 2, '2025-11-14', 8, '2025-11-14 13:15:00', 0, 'Przygotowanie mise en place i linii gorącej. Projekt: Kuchnia', '06:00', '14:00', 'zaakceptowany', '2025-11-14 14:15:00+01', '2025-11-15 09:00:00+01', NULL, 2, 'Zatwierdzono bez uwag.'),
    (76, 5, 2, '2025-11-15', 8, '2025-11-15 13:15:00', 0, 'Przygotowanie mise en place i linii gorącej. Projekt: Kuchnia', '06:00', '14:00', 'zaakceptowany', '2025-11-15 14:15:00+01', '2025-11-16 09:00:00+01', NULL, 2, 'Zatwierdzono bez uwag.'),
    (77, 5, 2, '2025-11-16', 8, '2025-11-16 13:15:00', 0, 'Przygotowanie mise en place i linii gorącej. Projekt: Kuchnia', '06:00', '14:00', 'zaakceptowany', '2025-11-16 14:15:00+01', '2025-11-17 09:00:00+01', NULL, 2, 'Zatwierdzono bez uwag.'),
    (78, 5, 2, '2025-11-17', 8, '2025-11-17 13:15:00', 0, 'Przygotowanie mise en place i linii gorącej. Projekt: Kuchnia', '06:00', '14:00', 'zaakceptowany', '2025-11-17 14:15:00+01', '2025-11-18 09:00:00+01', NULL, 2, 'Zatwierdzono bez uwag.'),
    (79, 5, 2, '2025-11-18', 8, '2025-11-18 13:15:00', 0, 'Przygotowanie mise en place i linii gorącej. Projekt: Kuchnia', '06:00', '14:00', 'zaakceptowany', '2025-11-18 14:15:00+01', '2025-11-19 09:00:00+01', NULL, 2, 'Zatwierdzono bez uwag.'),
    (80, 5, 2, '2025-11-19', 8, '2025-11-19 13:15:00', 0, 'Przygotowanie mise en place i linii gorącej. Projekt: Kuchnia', '06:00', '14:00', 'zaakceptowany', '2025-11-19 14:15:00+01', '2025-11-20 09:00:00+01', NULL, 2, 'Zatwierdzono bez uwag.'),
    (81, 5, 2, '2025-11-20', 8, '2025-11-20 13:15:00', 0, 'Przygotowanie mise en place i linii gorącej. Projekt: Kuchnia', '06:00', '14:00', 'zaakceptowany', '2025-11-20 14:15:00+01', '2025-11-21 09:00:00+01', NULL, 2, 'Zatwierdzono bez uwag.'),
    (82, 5, 2, '2025-11-21', 8, '2025-11-21 13:15:00', 0, 'Przygotowanie mise en place i linii gorącej. Projekt: Kuchnia', '06:00', '14:00', 'zaakceptowany', '2025-11-21 14:15:00+01', '2025-11-22 09:00:00+01', NULL, 2, 'Zatwierdzono bez uwag.'),
    (83, 5, 2, '2025-11-22', 8, '2025-11-22 13:15:00', 0, 'Przygotowanie mise en place i linii gorącej. Projekt: Kuchnia', '06:00', '14:00', 'oczekuje_na_akceptacje', '2025-11-22 14:15:00+01', NULL, NULL, NULL, 'Weryfikacja w toku.'),
    (84, 5, 2, '2025-11-23', 8, '2025-11-23 13:15:00', 0, 'Przygotowanie mise en place i linii gorącej. Projekt: Kuchnia', '06:00', '14:00', 'odrzucony', '2025-11-23 14:15:00+01', NULL, '2025-11-24 09:00:00+01', 2, 'Raport odrzucony – popraw dane.'),
    (85, 6, 2, '2025-11-01', 8, '2025-11-01 21:15:00', 0, 'Wieczorny serwis kuchni i kontrola jakości. Projekt: Kuchnia', '14:00', '22:00', 'zaakceptowany', '2025-11-01 22:15:00+01', '2025-11-02 09:00:00+01', NULL, 1, 'Zatwierdzono bez uwag.'),
    (86, 6, 2, '2025-11-02', 8, '2025-11-02 21:15:00', 0, 'Wieczorny serwis kuchni i kontrola jakości. Projekt: Kuchnia', '14:00', '22:00', 'zaakceptowany', '2025-11-02 22:15:00+01', '2025-11-03 09:00:00+01', NULL, 1, 'Zatwierdzono bez uwag.'),
    (87, 6, 2, '2025-11-03', 8, '2025-11-03 21:15:00', 0, 'Wieczorny serwis kuchni i kontrola jakości. Projekt: Kuchnia', '14:00', '22:00', 'zaakceptowany', '2025-11-03 22:15:00+01', '2025-11-04 09:00:00+01', NULL, 1, 'Zatwierdzono bez uwag.'),
    (88, 6, 2, '2025-11-05', 8, '2025-11-05 21:15:00', 0, 'Wieczorny serwis kuchni i kontrola jakości. Projekt: Kuchnia', '14:00', '22:00', 'zaakceptowany', '2025-11-05 22:15:00+01', '2025-11-06 09:00:00+01', NULL, 1, 'Zatwierdzono bez uwag.'),
    (89, 6, 2, '2025-11-06', 8, '2025-11-06 21:15:00', 0, 'Wieczorny serwis kuchni i kontrola jakości. Projekt: Kuchnia', '14:00', '22:00', 'zaakceptowany', '2025-11-06 22:15:00+01', '2025-11-07 09:00:00+01', NULL, 1, 'Zatwierdzono bez uwag.'),
    (90, 6, 2, '2025-11-07', 8, '2025-11-07 21:15:00', 0, 'Wieczorny serwis kuchni i kontrola jakości. Projekt: Kuchnia', '14:00', '22:00', 'zaakceptowany', '2025-11-07 22:15:00+01', '2025-11-08 09:00:00+01', NULL, 1, 'Zatwierdzono bez uwag.'),
    (91, 6, 2, '2025-11-08', 8, '2025-11-08 21:15:00', 0, 'Wieczorny serwis kuchni i kontrola jakości. Projekt: Kuchnia', '14:00', '22:00', 'zaakceptowany', '2025-11-08 22:15:00+01', '2025-11-09 09:00:00+01', NULL, 1, 'Zatwierdzono bez uwag.'),
    (92, 6, 2, '2025-11-09', 8, '2025-11-09 21:15:00', 0, 'Wieczorny serwis kuchni i kontrola jakości. Projekt: Kuchnia', '14:00', '22:00', 'zaakceptowany', '2025-11-09 22:15:00+01', '2025-11-10 09:00:00+01', NULL, 1, 'Zatwierdzono bez uwag.'),
    (93, 6, 2, '2025-11-10', 8, '2025-11-10 21:15:00', 0, 'Wieczorny serwis kuchni i kontrola jakości. Projekt: Kuchnia', '14:00', '22:00', 'zaakceptowany', '2025-11-10 22:15:00+01', '2025-11-11 09:00:00+01', NULL, 1, 'Zatwierdzono bez uwag.'),
    (94, 6, 2, '2025-11-11', 8, '2025-11-11 21:15:00', 0, 'Wieczorny serwis kuchni i kontrola jakości. Projekt: Kuchnia', '14:00', '22:00', 'zaakceptowany', '2025-11-11 22:15:00+01', '2025-11-12 09:00:00+01', NULL, 1, 'Zatwierdzono bez uwag.'),
    (95, 6, 2, '2025-11-12', 8, '2025-11-12 21:15:00', 0, 'Wieczorny serwis kuchni i kontrola jakości. Projekt: Kuchnia', '14:00', '22:00', 'zaakceptowany', '2025-11-12 22:15:00+01', '2025-11-13 09:00:00+01', NULL, 1, 'Zatwierdzono bez uwag.'),
    (96, 6, 2, '2025-11-13', 8, '2025-11-13 21:15:00', 0, 'Wieczorny serwis kuchni i kontrola jakości. Projekt: Kuchnia', '14:00', '22:00', 'zaakceptowany', '2025-11-13 22:15:00+01', '2025-11-14 09:00:00+01', NULL, 1, 'Zatwierdzono bez uwag.'),
    (97, 6, 2, '2025-11-14', 8, '2025-11-14 21:15:00', 0, 'Wieczorny serwis kuchni i kontrola jakości. Projekt: Kuchnia', '14:00', '22:00', 'zaakceptowany', '2025-11-14 22:15:00+01', '2025-11-15 09:00:00+01', NULL, 1, 'Zatwierdzono bez uwag.'),
    (98, 6, 2, '2025-11-15', 8, '2025-11-15 21:15:00', 0, 'Wieczorny serwis kuchni i kontrola jakości. Projekt: Kuchnia', '14:00', '22:00', 'zaakceptowany', '2025-11-15 22:15:00+01', '2025-11-16 09:00:00+01', NULL, 1, 'Zatwierdzono bez uwag.'),
    (99, 6, 2, '2025-11-16', 8, '2025-11-16 21:15:00', 0, 'Wieczorny serwis kuchni i kontrola jakości. Projekt: Kuchnia', '14:00', '22:00', 'zaakceptowany', '2025-11-16 22:15:00+01', '2025-11-17 09:00:00+01', NULL, 1, 'Zatwierdzono bez uwag.'),
    (100, 6, 2, '2025-11-17', 8, '2025-11-17 21:15:00', 0, 'Wieczorny serwis kuchni i kontrola jakości. Projekt: Kuchnia', '14:00', '22:00', 'zaakceptowany', '2025-11-17 22:15:00+01', '2025-11-18 09:00:00+01', NULL, 1, 'Zatwierdzono bez uwag.'),
    (101, 6, 2, '2025-11-19', 8, '2025-11-19 21:15:00', 0, 'Wieczorny serwis kuchni i kontrola jakości. Projekt: Kuchnia', '14:00', '22:00', 'zaakceptowany', '2025-11-19 22:15:00+01', '2025-11-20 09:00:00+01', NULL, 1, 'Zatwierdzono bez uwag.'),
    (102, 6, 2, '2025-11-20', 8, '2025-11-20 21:15:00', 0, 'Wieczorny serwis kuchni i kontrola jakości. Projekt: Kuchnia', '14:00', '22:00', 'zaakceptowany', '2025-11-20 22:15:00+01', '2025-11-21 09:00:00+01', NULL, 1, 'Zatwierdzono bez uwag.'),
    (103, 6, 2, '2025-11-21', 8, '2025-11-21 21:15:00', 0, 'Wieczorny serwis kuchni i kontrola jakości. Projekt: Kuchnia', '14:00', '22:00', 'zaakceptowany', '2025-11-21 22:15:00+01', '2025-11-22 09:00:00+01', NULL, 1, 'Zatwierdzono bez uwag.'),
    (104, 6, 2, '2025-11-22', 8, '2025-11-22 21:15:00', 0, 'Wieczorny serwis kuchni i kontrola jakości. Projekt: Kuchnia', '14:00', '22:00', 'oczekuje_na_akceptacje', '2025-11-22 22:15:00+01', NULL, NULL, NULL, 'Weryfikacja w toku.'),
    (105, 6, 2, '2025-11-23', 8, '2025-11-23 21:15:00', 0, 'Wieczorny serwis kuchni i kontrola jakości. Projekt: Kuchnia', '14:00', '22:00', 'odrzucony', '2025-11-23 22:15:00+01', NULL, '2025-11-24 09:00:00+01', 1, 'Raport odrzucony – popraw dane.'),
    (106, 7, 3, '2025-11-01', 8, '2025-11-01 11:15:00', 0, 'Wypiek pieczywa i słodkich pozycji. Projekt: Piekarz', '04:00', '12:00', 'zaakceptowany', '2025-11-01 12:15:00+01', '2025-11-02 09:00:00+01', NULL, 2, 'Zatwierdzono bez uwag.'),
    (107, 7, 3, '2025-11-02', 8, '2025-11-02 11:15:00', 0, 'Wypiek pieczywa i słodkich pozycji. Projekt: Piekarz', '04:00', '12:00', 'zaakceptowany', '2025-11-02 12:15:00+01', '2025-11-03 09:00:00+01', NULL, 2, 'Zatwierdzono bez uwag.'),
    (108, 7, 3, '2025-11-03', 8, '2025-11-03 11:15:00', 0, 'Wypiek pieczywa i słodkich pozycji. Projekt: Piekarz', '04:00', '12:00', 'zaakceptowany', '2025-11-03 12:15:00+01', '2025-11-04 09:00:00+01', NULL, 2, 'Zatwierdzono bez uwag.'),
    (109, 7, 3, '2025-11-04', 8, '2025-11-04 11:15:00', 0, 'Wypiek pieczywa i słodkich pozycji. Projekt: Piekarz', '04:00', '12:00', 'zaakceptowany', '2025-11-04 12:15:00+01', '2025-11-05 09:00:00+01', NULL, 2, 'Zatwierdzono bez uwag.'),
    (110, 7, 3, '2025-11-05', 8, '2025-11-05 11:15:00', 0, 'Wypiek pieczywa i słodkich pozycji. Projekt: Piekarz', '04:00', '12:00', 'zaakceptowany', '2025-11-05 12:15:00+01', '2025-11-06 09:00:00+01', NULL, 2, 'Zatwierdzono bez uwag.'),
    (111, 7, 3, '2025-11-06', 8, '2025-11-06 11:15:00', 0, 'Wypiek pieczywa i słodkich pozycji. Projekt: Piekarz', '04:00', '12:00', 'zaakceptowany', '2025-11-06 12:15:00+01', '2025-11-07 09:00:00+01', NULL, 2, 'Zatwierdzono bez uwag.'),
    (112, 7, 3, '2025-11-07', 8, '2025-11-07 11:15:00', 0, 'Wypiek pieczywa i słodkich pozycji. Projekt: Piekarz', '04:00', '12:00', 'zaakceptowany', '2025-11-07 12:15:00+01', '2025-11-08 09:00:00+01', NULL, 2, 'Zatwierdzono bez uwag.'),
    (113, 7, 3, '2025-11-08', 8, '2025-11-08 11:15:00', 0, 'Wypiek pieczywa i słodkich pozycji. Projekt: Piekarz', '04:00', '12:00', 'zaakceptowany', '2025-11-08 12:15:00+01', '2025-11-09 09:00:00+01', NULL, 2, 'Zatwierdzono bez uwag.'),
    (114, 7, 3, '2025-11-10', 8, '2025-11-10 11:15:00', 0, 'Wypiek pieczywa i słodkich pozycji. Projekt: Piekarz', '04:00', '12:00', 'zaakceptowany', '2025-11-10 12:15:00+01', '2025-11-11 09:00:00+01', NULL, 2, 'Zatwierdzono bez uwag.'),
    (115, 7, 3, '2025-11-11', 8, '2025-11-11 11:15:00', 0, 'Wypiek pieczywa i słodkich pozycji. Projekt: Piekarz', '04:00', '12:00', 'zaakceptowany', '2025-11-11 12:15:00+01', '2025-11-12 09:00:00+01', NULL, 2, 'Zatwierdzono bez uwag.'),
    (116, 7, 3, '2025-11-12', 8, '2025-11-12 11:15:00', 0, 'Wypiek pieczywa i słodkich pozycji. Projekt: Piekarz', '04:00', '12:00', 'zaakceptowany', '2025-11-12 12:15:00+01', '2025-11-13 09:00:00+01', NULL, 2, 'Zatwierdzono bez uwag.'),
    (117, 7, 3, '2025-11-13', 8, '2025-11-13 11:15:00', 0, 'Wypiek pieczywa i słodkich pozycji. Projekt: Piekarz', '04:00', '12:00', 'zaakceptowany', '2025-11-13 12:15:00+01', '2025-11-14 09:00:00+01', NULL, 2, 'Zatwierdzono bez uwag.'),
    (118, 7, 3, '2025-11-14', 8, '2025-11-14 11:15:00', 0, 'Wypiek pieczywa i słodkich pozycji. Projekt: Piekarz', '04:00', '12:00', 'zaakceptowany', '2025-11-14 12:15:00+01', '2025-11-15 09:00:00+01', NULL, 2, 'Zatwierdzono bez uwag.'),
    (119, 7, 3, '2025-11-15', 8, '2025-11-15 11:15:00', 0, 'Wypiek pieczywa i słodkich pozycji. Projekt: Piekarz', '04:00', '12:00', 'zaakceptowany', '2025-11-15 12:15:00+01', '2025-11-16 09:00:00+01', NULL, 2, 'Zatwierdzono bez uwag.'),
    (120, 7, 3, '2025-11-16', 8, '2025-11-16 11:15:00', 0, 'Wypiek pieczywa i słodkich pozycji. Projekt: Piekarz', '04:00', '12:00', 'zaakceptowany', '2025-11-16 12:15:00+01', '2025-11-17 09:00:00+01', NULL, 2, 'Zatwierdzono bez uwag.'),
    (121, 7, 3, '2025-11-17', 8, '2025-11-17 11:15:00', 0, 'Wypiek pieczywa i słodkich pozycji. Projekt: Piekarz', '04:00', '12:00', 'zaakceptowany', '2025-11-17 12:15:00+01', '2025-11-18 09:00:00+01', NULL, 2, 'Zatwierdzono bez uwag.'),
    (122, 7, 3, '2025-11-18', 8, '2025-11-18 11:15:00', 0, 'Wypiek pieczywa i słodkich pozycji. Projekt: Piekarz', '04:00', '12:00', 'zaakceptowany', '2025-11-18 12:15:00+01', '2025-11-19 09:00:00+01', NULL, 2, 'Zatwierdzono bez uwag.'),
    (123, 7, 3, '2025-11-19', 8, '2025-11-19 11:15:00', 0, 'Wypiek pieczywa i słodkich pozycji. Projekt: Piekarz', '04:00', '12:00', 'zaakceptowany', '2025-11-19 12:15:00+01', '2025-11-20 09:00:00+01', NULL, 2, 'Zatwierdzono bez uwag.'),
    (124, 7, 3, '2025-11-21', 8, '2025-11-21 11:15:00', 0, 'Wypiek pieczywa i słodkich pozycji. Projekt: Piekarz', '04:00', '12:00', 'zaakceptowany', '2025-11-21 12:15:00+01', '2025-11-22 09:00:00+01', NULL, 2, 'Zatwierdzono bez uwag.'),
    (125, 7, 3, '2025-11-22', 8, '2025-11-22 11:15:00', 0, 'Wypiek pieczywa i słodkich pozycji. Projekt: Piekarz', '04:00', '12:00', 'oczekuje_na_akceptacje', '2025-11-22 12:15:00+01', NULL, NULL, NULL, 'Weryfikacja w toku.'),
    (126, 7, 3, '2025-11-23', 8, '2025-11-23 11:15:00', 0, 'Wypiek pieczywa i słodkich pozycji. Projekt: Piekarz', '04:00', '12:00', 'odrzucony', '2025-11-23 12:15:00+01', NULL, '2025-11-24 09:00:00+01', 2, 'Raport odrzucony – popraw dane.'),
    (127, 8, 3, '2025-11-01', 8, '2025-11-01 12:15:00', 0, 'Wsparcie cukierni na zmniejszonym etacie. Projekt: Piekarz', '05:00', '13:00', 'zaakceptowany', '2025-11-01 13:15:00+01', '2025-11-02 09:00:00+01', NULL, 1, 'Zatwierdzono bez uwag.'),
    (128, 8, 3, '2025-11-04', 8, '2025-11-04 12:15:00', 0, 'Wsparcie cukierni na zmniejszonym etacie. Projekt: Piekarz', '05:00', '13:00', 'zaakceptowany', '2025-11-04 13:15:00+01', '2025-11-05 09:00:00+01', NULL, 1, 'Zatwierdzono bez uwag.'),
    (129, 8, 3, '2025-11-07', 8, '2025-11-07 12:15:00', 0, 'Wsparcie cukierni na zmniejszonym etacie. Projekt: Piekarz', '05:00', '13:00', 'zaakceptowany', '2025-11-07 13:15:00+01', '2025-11-08 09:00:00+01', NULL, 1, 'Zatwierdzono bez uwag.'),
    (130, 8, 3, '2025-11-11', 8, '2025-11-11 12:15:00', 0, 'Wsparcie cukierni na zmniejszonym etacie. Projekt: Piekarz', '05:00', '13:00', 'zaakceptowany', '2025-11-11 13:15:00+01', '2025-11-12 09:00:00+01', NULL, 1, 'Zatwierdzono bez uwag.'),
    (131, 8, 3, '2025-11-15', 8, '2025-11-15 12:15:00', 0, 'Wsparcie cukierni na zmniejszonym etacie. Projekt: Piekarz', '05:00', '13:00', 'zaakceptowany', '2025-11-15 13:15:00+01', '2025-11-16 09:00:00+01', NULL, 1, 'Zatwierdzono bez uwag.'),
    (132, 8, 3, '2025-11-22', 5, '2025-11-22 09:15:00', 0, 'Wsparcie cukierni na zmniejszonym etacie. Projekt: Piekarz', '05:00', '10:00', 'oczekuje_na_akceptacje', '2025-11-22 10:15:00+01', NULL, NULL, NULL, 'Weryfikacja w toku.'),
    (133, 8, 3, '2025-11-27', 5, '2025-11-27 09:15:00', 0, 'Wsparcie cukierni na zmniejszonym etacie. Projekt: Piekarz', '05:00', '10:00', 'odrzucony', '2025-11-27 10:15:00+01', NULL, '2025-11-28 09:00:00+01', 1, 'Raport odrzucony – popraw dane.'),
    (134, 9, 4, '2025-11-02', 8, '2025-11-02 13:15:00', 0, 'Dostawy cateringowe w Warszawie. Projekt: Kurier', '06:00', '14:00', 'zaakceptowany', '2025-11-02 14:15:00+01', '2025-11-03 09:00:00+01', NULL, 2, 'Zatwierdzono bez uwag.'),
    (135, 9, 4, '2025-11-06', 8, '2025-11-06 13:15:00', 0, 'Dostawy cateringowe w Warszawie. Projekt: Kurier', '06:00', '14:00', 'zaakceptowany', '2025-11-06 14:15:00+01', '2025-11-07 09:00:00+01', NULL, 2, 'Zatwierdzono bez uwag.'),
    (136, 9, 4, '2025-11-10', 8, '2025-11-10 13:15:00', 0, 'Dostawy cateringowe w Warszawie. Projekt: Kurier', '06:00', '14:00', 'zaakceptowany', '2025-11-10 14:15:00+01', '2025-11-11 09:00:00+01', NULL, 2, 'Zatwierdzono bez uwag.'),
    (137, 9, 4, '2025-11-14', 8, '2025-11-14 13:15:00', 0, 'Dostawy cateringowe w Warszawie. Projekt: Kurier', '06:00', '14:00', 'zaakceptowany', '2025-11-14 14:15:00+01', '2025-11-15 09:00:00+01', NULL, 2, 'Zatwierdzono bez uwag.'),
    (138, 9, 4, '2025-11-18', 8, '2025-11-18 13:15:00', 0, 'Dostawy cateringowe w Warszawie. Projekt: Kurier', '06:00', '14:00', 'zaakceptowany', '2025-11-18 14:15:00+01', '2025-11-19 09:00:00+01', NULL, 2, 'Zatwierdzono bez uwag.'),
    (139, 9, 4, '2025-11-24', 5, '2025-11-24 10:15:00', 0, 'Dostawy cateringowe w Warszawie. Projekt: Kurier', '06:00', '11:00', 'oczekuje_na_akceptacje', '2025-11-24 11:15:00+01', NULL, NULL, NULL, 'Weryfikacja w toku.'),
    (140, 9, 4, '2025-11-28', 5, '2025-11-28 10:15:00', 0, 'Dostawy cateringowe w Warszawie. Projekt: Kurier', '06:00', '11:00', 'odrzucony', '2025-11-28 11:15:00+01', NULL, '2025-11-29 09:00:00+01', 2, 'Raport odrzucony – popraw dane.'),
    (141, 10, 5, '2025-11-03', 8, '2025-11-03 22:15:00', 0, 'Porządkowanie zaplecza i sali. Projekt: Sprzątanie', '15:00', '23:00', 'zaakceptowany', '2025-11-03 23:15:00+01', '2025-11-04 09:00:00+01', NULL, 1, 'Zatwierdzono bez uwag.'),
    (142, 10, 5, '2025-11-06', 8, '2025-11-06 22:15:00', 0, 'Porządkowanie zaplecza i sali. Projekt: Sprzątanie', '15:00', '23:00', 'zaakceptowany', '2025-11-06 23:15:00+01', '2025-11-07 09:00:00+01', NULL, 1, 'Zatwierdzono bez uwag.'),
    (143, 10, 5, '2025-11-09', 8, '2025-11-09 22:15:00', 0, 'Porządkowanie zaplecza i sali. Projekt: Sprzątanie', '15:00', '23:00', 'zaakceptowany', '2025-11-09 23:15:00+01', '2025-11-10 09:00:00+01', NULL, 1, 'Zatwierdzono bez uwag.'),
    (144, 10, 5, '2025-11-13', 8, '2025-11-13 22:15:00', 0, 'Porządkowanie zaplecza i sali. Projekt: Sprzątanie', '15:00', '23:00', 'zaakceptowany', '2025-11-13 23:15:00+01', '2025-11-14 09:00:00+01', NULL, 1, 'Zatwierdzono bez uwag.'),
    (145, 10, 5, '2025-11-17', 8, '2025-11-17 22:15:00', 0, 'Porządkowanie zaplecza i sali. Projekt: Sprzątanie', '15:00', '23:00', 'zaakceptowany', '2025-11-17 23:15:00+01', '2025-11-18 09:00:00+01', NULL, 1, 'Zatwierdzono bez uwag.'),
    (146, 10, 5, '2025-11-21', 5, '2025-11-21 19:15:00', 0, 'Porządkowanie zaplecza i sali. Projekt: Sprzątanie', '15:00', '20:00', 'oczekuje_na_akceptacje', '2025-11-21 20:15:00+01', NULL, NULL, NULL, 'Weryfikacja w toku.'),
    (147, 10, 5, '2025-11-25', 5, '2025-11-25 19:15:00', 0, 'Porządkowanie zaplecza i sali. Projekt: Sprzątanie', '15:00', '20:00', 'odrzucony', '2025-11-25 20:15:00+01', NULL, '2025-11-26 09:00:00+01', 1, 'Raport odrzucony – popraw dane.'),
    (148, 2, 1, '2025-12-01', 8, '2025-12-01 15:15:00', 0, 'Koordynacja zmian i wsparcie HR. Projekt: Kelner', '08:00', '16:00', 'zaakceptowany', '2025-12-01 16:15:00+01', '2025-12-02 09:00:00+01', NULL, 1, 'Zatwierdzono bez uwag.'),
    (149, 2, 1, '2025-12-02', 8, '2025-12-02 15:15:00', 0, 'Koordynacja zmian i wsparcie HR. Projekt: Kelner', '08:00', '16:00', 'zaakceptowany', '2025-12-02 16:15:00+01', '2025-12-03 09:00:00+01', NULL, 1, 'Zatwierdzono bez uwag.'),
    (150, 2, 1, '2025-12-03', 8, '2025-12-03 15:15:00', 0, 'Koordynacja zmian i wsparcie HR. Projekt: Kelner', '08:00', '16:00', 'zaakceptowany', '2025-12-03 16:15:00+01', '2025-12-04 09:00:00+01', NULL, 1, 'Zatwierdzono bez uwag.'),
    (151, 2, 1, '2025-12-04', 8, '2025-12-04 15:15:00', 0, 'Koordynacja zmian i wsparcie HR. Projekt: Kelner', '08:00', '16:00', 'zaakceptowany', '2025-12-04 16:15:00+01', '2025-12-05 09:00:00+01', NULL, 1, 'Zatwierdzono bez uwag.'),
    (152, 2, 1, '2025-12-05', 8, '2025-12-05 15:15:00', 0, 'Koordynacja zmian i wsparcie HR. Projekt: Kelner', '08:00', '16:00', 'zaakceptowany', '2025-12-05 16:15:00+01', '2025-12-06 09:00:00+01', NULL, 1, 'Zatwierdzono bez uwag.'),
    (153, 2, 1, '2025-12-07', 8, '2025-12-07 15:15:00', 0, 'Koordynacja zmian i wsparcie HR. Projekt: Kelner', '08:00', '16:00', 'zaakceptowany', '2025-12-07 16:15:00+01', '2025-12-08 09:00:00+01', NULL, 1, 'Zatwierdzono bez uwag.'),
    (154, 2, 1, '2025-12-08', 8, '2025-12-08 15:15:00', 0, 'Koordynacja zmian i wsparcie HR. Projekt: Kelner', '08:00', '16:00', 'zaakceptowany', '2025-12-08 16:15:00+01', '2025-12-09 09:00:00+01', NULL, 1, 'Zatwierdzono bez uwag.'),
    (155, 2, 1, '2025-12-09', 8, '2025-12-09 15:15:00', 0, 'Koordynacja zmian i wsparcie HR. Projekt: Kelner', '08:00', '16:00', 'zaakceptowany', '2025-12-09 16:15:00+01', '2025-12-10 09:00:00+01', NULL, 1, 'Zatwierdzono bez uwag.'),
    (156, 2, 1, '2025-12-10', 8, '2025-12-10 15:15:00', 0, 'Koordynacja zmian i wsparcie HR. Projekt: Kelner', '08:00', '16:00', 'zaakceptowany', '2025-12-10 16:15:00+01', '2025-12-11 09:00:00+01', NULL, 1, 'Zatwierdzono bez uwag.'),
    (157, 2, 1, '2025-12-11', 8, '2025-12-11 15:15:00', 0, 'Koordynacja zmian i wsparcie HR. Projekt: Kelner', '08:00', '16:00', 'zaakceptowany', '2025-12-11 16:15:00+01', '2025-12-12 09:00:00+01', NULL, 1, 'Zatwierdzono bez uwag.'),
    (158, 2, 1, '2025-12-12', 8, '2025-12-12 15:15:00', 0, 'Koordynacja zmian i wsparcie HR. Projekt: Kelner', '08:00', '16:00', 'zaakceptowany', '2025-12-12 16:15:00+01', '2025-12-13 09:00:00+01', NULL, 1, 'Zatwierdzono bez uwag.'),
    (159, 2, 1, '2025-12-14', 8, '2025-12-14 15:15:00', 0, 'Koordynacja zmian i wsparcie HR. Projekt: Kelner', '08:00', '16:00', 'zaakceptowany', '2025-12-14 16:15:00+01', '2025-12-15 09:00:00+01', NULL, 1, 'Zatwierdzono bez uwag.'),
    (160, 2, 1, '2025-12-15', 8, '2025-12-15 15:15:00', 0, 'Koordynacja zmian i wsparcie HR. Projekt: Kelner', '08:00', '16:00', 'zaakceptowany', '2025-12-15 16:15:00+01', '2025-12-16 09:00:00+01', NULL, 1, 'Zatwierdzono bez uwag.'),
    (161, 2, 1, '2025-12-16', 8, '2025-12-16 15:15:00', 0, 'Koordynacja zmian i wsparcie HR. Projekt: Kelner', '08:00', '16:00', 'zaakceptowany', '2025-12-16 16:15:00+01', '2025-12-17 09:00:00+01', NULL, 1, 'Zatwierdzono bez uwag.'),
    (162, 2, 1, '2025-12-17', 8, '2025-12-17 15:15:00', 0, 'Koordynacja zmian i wsparcie HR. Projekt: Kelner', '08:00', '16:00', 'zaakceptowany', '2025-12-17 16:15:00+01', '2025-12-18 09:00:00+01', NULL, 1, 'Zatwierdzono bez uwag.'),
    (163, 2, 1, '2025-12-18', 8, '2025-12-18 15:15:00', 0, 'Koordynacja zmian i wsparcie HR. Projekt: Kelner', '08:00', '16:00', 'zaakceptowany', '2025-12-18 16:15:00+01', '2025-12-19 09:00:00+01', NULL, 1, 'Zatwierdzono bez uwag.'),
    (164, 2, 1, '2025-12-19', 8, '2025-12-19 15:15:00', 0, 'Koordynacja zmian i wsparcie HR. Projekt: Kelner', '08:00', '16:00', 'zaakceptowany', '2025-12-19 16:15:00+01', '2025-12-20 09:00:00+01', NULL, 1, 'Zatwierdzono bez uwag.'),
    (165, 2, 1, '2025-12-21', 8, '2025-12-21 15:15:00', 0, 'Koordynacja zmian i wsparcie HR. Projekt: Kelner', '08:00', '16:00', 'zaakceptowany', '2025-12-21 16:15:00+01', '2025-12-22 09:00:00+01', NULL, 1, 'Zatwierdzono bez uwag.'),
    (166, 2, 1, '2025-12-22', 8, '2025-12-22 15:15:00', 0, 'Koordynacja zmian i wsparcie HR. Projekt: Kelner', '08:00', '16:00', 'zaakceptowany', '2025-12-22 16:15:00+01', '2025-12-23 09:00:00+01', NULL, 1, 'Zatwierdzono bez uwag.'),
    (167, 2, 1, '2025-12-23', 8, '2025-12-23 15:15:00', 0, 'Koordynacja zmian i wsparcie HR. Projekt: Kelner', '08:00', '16:00', 'oczekuje_na_akceptacje', '2025-12-23 16:15:00+01', NULL, NULL, NULL, 'Weryfikacja w toku.'),
    (168, 2, 1, '2025-12-24', 8, '2025-12-24 15:15:00', 0, 'Koordynacja zmian i wsparcie HR. Projekt: Kelner', '08:00', '16:00', 'odrzucony', '2025-12-24 16:15:00+01', NULL, '2025-12-25 09:00:00+01', 1, 'Raport odrzucony – popraw dane.'),
    (169, 3, 1, '2025-12-01', 8, '2025-12-01 17:15:00', 0, 'Obsługa stolików i kontakt z gośćmi. Projekt: Kelner', '10:00', '18:00', 'zaakceptowany', '2025-12-01 18:15:00+01', '2025-12-02 09:00:00+01', NULL, 2, 'Zatwierdzono bez uwag.'),
    (170, 3, 1, '2025-12-02', 8, '2025-12-02 17:15:00', 0, 'Obsługa stolików i kontakt z gośćmi. Projekt: Kelner', '10:00', '18:00', 'zaakceptowany', '2025-12-02 18:15:00+01', '2025-12-03 09:00:00+01', NULL, 2, 'Zatwierdzono bez uwag.'),
    (171, 3, 1, '2025-12-03', 8, '2025-12-03 17:15:00', 0, 'Obsługa stolików i kontakt z gośćmi. Projekt: Kelner', '10:00', '18:00', 'zaakceptowany', '2025-12-03 18:15:00+01', '2025-12-04 09:00:00+01', NULL, 2, 'Zatwierdzono bez uwag.'),
    (172, 3, 1, '2025-12-05', 8, '2025-12-05 17:15:00', 0, 'Obsługa stolików i kontakt z gośćmi. Projekt: Kelner', '10:00', '18:00', 'zaakceptowany', '2025-12-05 18:15:00+01', '2025-12-06 09:00:00+01', NULL, 2, 'Zatwierdzono bez uwag.'),
    (173, 3, 1, '2025-12-06', 8, '2025-12-06 17:15:00', 0, 'Obsługa stolików i kontakt z gośćmi. Projekt: Kelner', '10:00', '18:00', 'zaakceptowany', '2025-12-06 18:15:00+01', '2025-12-07 09:00:00+01', NULL, 2, 'Zatwierdzono bez uwag.'),
    (174, 3, 1, '2025-12-07', 8, '2025-12-07 17:15:00', 0, 'Obsługa stolików i kontakt z gośćmi. Projekt: Kelner', '10:00', '18:00', 'zaakceptowany', '2025-12-07 18:15:00+01', '2025-12-08 09:00:00+01', NULL, 2, 'Zatwierdzono bez uwag.'),
    (175, 3, 1, '2025-12-08', 8, '2025-12-08 17:15:00', 0, 'Obsługa stolików i kontakt z gośćmi. Projekt: Kelner', '10:00', '18:00', 'zaakceptowany', '2025-12-08 18:15:00+01', '2025-12-09 09:00:00+01', NULL, 2, 'Zatwierdzono bez uwag.'),
    (176, 3, 1, '2025-12-09', 8, '2025-12-09 17:15:00', 0, 'Obsługa stolików i kontakt z gośćmi. Projekt: Kelner', '10:00', '18:00', 'zaakceptowany', '2025-12-09 18:15:00+01', '2025-12-10 09:00:00+01', NULL, 2, 'Zatwierdzono bez uwag.'),
    (177, 3, 1, '2025-12-10', 8, '2025-12-10 17:15:00', 0, 'Obsługa stolików i kontakt z gośćmi. Projekt: Kelner', '10:00', '18:00', 'zaakceptowany', '2025-12-10 18:15:00+01', '2025-12-11 09:00:00+01', NULL, 2, 'Zatwierdzono bez uwag.'),
    (178, 3, 1, '2025-12-12', 8, '2025-12-12 17:15:00', 0, 'Obsługa stolików i kontakt z gośćmi. Projekt: Kelner', '10:00', '18:00', 'zaakceptowany', '2025-12-12 18:15:00+01', '2025-12-13 09:00:00+01', NULL, 2, 'Zatwierdzono bez uwag.'),
    (179, 3, 1, '2025-12-13', 8, '2025-12-13 17:15:00', 0, 'Obsługa stolików i kontakt z gośćmi. Projekt: Kelner', '10:00', '18:00', 'zaakceptowany', '2025-12-13 18:15:00+01', '2025-12-14 09:00:00+01', NULL, 2, 'Zatwierdzono bez uwag.'),
    (180, 3, 1, '2025-12-14', 8, '2025-12-14 17:15:00', 0, 'Obsługa stolików i kontakt z gośćmi. Projekt: Kelner', '10:00', '18:00', 'zaakceptowany', '2025-12-14 18:15:00+01', '2025-12-15 09:00:00+01', NULL, 2, 'Zatwierdzono bez uwag.'),
    (181, 3, 1, '2025-12-15', 8, '2025-12-15 17:15:00', 0, 'Obsługa stolików i kontakt z gośćmi. Projekt: Kelner', '10:00', '18:00', 'zaakceptowany', '2025-12-15 18:15:00+01', '2025-12-16 09:00:00+01', NULL, 2, 'Zatwierdzono bez uwag.'),
    (182, 3, 1, '2025-12-16', 8, '2025-12-16 17:15:00', 0, 'Obsługa stolików i kontakt z gośćmi. Projekt: Kelner', '10:00', '18:00', 'zaakceptowany', '2025-12-16 18:15:00+01', '2025-12-17 09:00:00+01', NULL, 2, 'Zatwierdzono bez uwag.'),
    (183, 3, 1, '2025-12-17', 8, '2025-12-17 17:15:00', 0, 'Obsługa stolików i kontakt z gośćmi. Projekt: Kelner', '10:00', '18:00', 'zaakceptowany', '2025-12-17 18:15:00+01', '2025-12-18 09:00:00+01', NULL, 2, 'Zatwierdzono bez uwag.'),
    (184, 3, 1, '2025-12-19', 8, '2025-12-19 17:15:00', 0, 'Obsługa stolików i kontakt z gośćmi. Projekt: Kelner', '10:00', '18:00', 'zaakceptowany', '2025-12-19 18:15:00+01', '2025-12-20 09:00:00+01', NULL, 2, 'Zatwierdzono bez uwag.'),
    (185, 3, 1, '2025-12-20', 8, '2025-12-20 17:15:00', 0, 'Obsługa stolików i kontakt z gośćmi. Projekt: Kelner', '10:00', '18:00', 'zaakceptowany', '2025-12-20 18:15:00+01', '2025-12-21 09:00:00+01', NULL, 2, 'Zatwierdzono bez uwag.'),
    (186, 3, 1, '2025-12-21', 8, '2025-12-21 17:15:00', 0, 'Obsługa stolików i kontakt z gośćmi. Projekt: Kelner', '10:00', '18:00', 'zaakceptowany', '2025-12-21 18:15:00+01', '2025-12-22 09:00:00+01', NULL, 2, 'Zatwierdzono bez uwag.'),
    (187, 3, 1, '2025-12-22', 8, '2025-12-22 17:15:00', 0, 'Obsługa stolików i kontakt z gośćmi. Projekt: Kelner', '10:00', '18:00', 'zaakceptowany', '2025-12-22 18:15:00+01', '2025-12-23 09:00:00+01', NULL, 2, 'Zatwierdzono bez uwag.'),
    (188, 3, 1, '2025-12-23', 8, '2025-12-23 17:15:00', 0, 'Obsługa stolików i kontakt z gośćmi. Projekt: Kelner', '10:00', '18:00', 'oczekuje_na_akceptacje', '2025-12-23 18:15:00+01', NULL, NULL, NULL, 'Weryfikacja w toku.'),
    (189, 3, 1, '2025-12-24', 8, '2025-12-24 17:15:00', 0, 'Obsługa stolików i kontakt z gośćmi. Projekt: Kelner', '10:00', '18:00', 'odrzucony', '2025-12-24 18:15:00+01', NULL, '2025-12-25 09:00:00+01', 2, 'Raport odrzucony – popraw dane.'),
    (190, 4, 1, '2025-12-01', 8, '2025-12-01 19:15:00', 0, 'Serwis popołudniowy wraz z zamknięciem sali. Projekt: Kelner', '12:00', '20:00', 'zaakceptowany', '2025-12-01 20:15:00+01', '2025-12-02 09:00:00+01', NULL, 1, 'Zatwierdzono bez uwag.'),
    (191, 4, 1, '2025-12-03', 8, '2025-12-03 19:15:00', 0, 'Serwis popołudniowy wraz z zamknięciem sali. Projekt: Kelner', '12:00', '20:00', 'zaakceptowany', '2025-12-03 20:15:00+01', '2025-12-04 09:00:00+01', NULL, 1, 'Zatwierdzono bez uwag.'),
    (192, 4, 1, '2025-12-04', 8, '2025-12-04 19:15:00', 0, 'Serwis popołudniowy wraz z zamknięciem sali. Projekt: Kelner', '12:00', '20:00', 'zaakceptowany', '2025-12-04 20:15:00+01', '2025-12-05 09:00:00+01', NULL, 1, 'Zatwierdzono bez uwag.'),
    (193, 4, 1, '2025-12-05', 8, '2025-12-05 19:15:00', 0, 'Serwis popołudniowy wraz z zamknięciem sali. Projekt: Kelner', '12:00', '20:00', 'zaakceptowany', '2025-12-05 20:15:00+01', '2025-12-06 09:00:00+01', NULL, 1, 'Zatwierdzono bez uwag.'),
    (194, 4, 1, '2025-12-06', 8, '2025-12-06 19:15:00', 0, 'Serwis popołudniowy wraz z zamknięciem sali. Projekt: Kelner', '12:00', '20:00', 'zaakceptowany', '2025-12-06 20:15:00+01', '2025-12-07 09:00:00+01', NULL, 1, 'Zatwierdzono bez uwag.'),
    (195, 4, 1, '2025-12-07', 8, '2025-12-07 19:15:00', 0, 'Serwis popołudniowy wraz z zamknięciem sali. Projekt: Kelner', '12:00', '20:00', 'zaakceptowany', '2025-12-07 20:15:00+01', '2025-12-08 09:00:00+01', NULL, 1, 'Zatwierdzono bez uwag.'),
    (196, 4, 1, '2025-12-08', 8, '2025-12-08 19:15:00', 0, 'Serwis popołudniowy wraz z zamknięciem sali. Projekt: Kelner', '12:00', '20:00', 'zaakceptowany', '2025-12-08 20:15:00+01', '2025-12-09 09:00:00+01', NULL, 1, 'Zatwierdzono bez uwag.'),
    (197, 4, 1, '2025-12-09', 8, '2025-12-09 19:15:00', 0, 'Serwis popołudniowy wraz z zamknięciem sali. Projekt: Kelner', '12:00', '20:00', 'zaakceptowany', '2025-12-09 20:15:00+01', '2025-12-10 09:00:00+01', NULL, 1, 'Zatwierdzono bez uwag.'),
    (198, 4, 1, '2025-12-10', 8, '2025-12-10 19:15:00', 0, 'Serwis popołudniowy wraz z zamknięciem sali. Projekt: Kelner', '12:00', '20:00', 'zaakceptowany', '2025-12-10 20:15:00+01', '2025-12-11 09:00:00+01', NULL, 1, 'Zatwierdzono bez uwag.'),
    (199, 4, 1, '2025-12-11', 8, '2025-12-11 19:15:00', 0, 'Serwis popołudniowy wraz z zamknięciem sali. Projekt: Kelner', '12:00', '20:00', 'zaakceptowany', '2025-12-11 20:15:00+01', '2025-12-12 09:00:00+01', NULL, 1, 'Zatwierdzono bez uwag.'),
    (200, 4, 1, '2025-12-12', 8, '2025-12-12 19:15:00', 0, 'Serwis popołudniowy wraz z zamknięciem sali. Projekt: Kelner', '12:00', '20:00', 'zaakceptowany', '2025-12-12 20:15:00+01', '2025-12-13 09:00:00+01', NULL, 1, 'Zatwierdzono bez uwag.'),
    (201, 4, 1, '2025-12-13', 8, '2025-12-13 19:15:00', 0, 'Serwis popołudniowy wraz z zamknięciem sali. Projekt: Kelner', '12:00', '20:00', 'zaakceptowany', '2025-12-13 20:15:00+01', '2025-12-14 09:00:00+01', NULL, 1, 'Zatwierdzono bez uwag.'),
    (202, 4, 1, '2025-12-14', 8, '2025-12-14 19:15:00', 0, 'Serwis popołudniowy wraz z zamknięciem sali. Projekt: Kelner', '12:00', '20:00', 'zaakceptowany', '2025-12-14 20:15:00+01', '2025-12-15 09:00:00+01', NULL, 1, 'Zatwierdzono bez uwag.'),
    (203, 4, 1, '2025-12-15', 8, '2025-12-15 19:15:00', 0, 'Serwis popołudniowy wraz z zamknięciem sali. Projekt: Kelner', '12:00', '20:00', 'zaakceptowany', '2025-12-15 20:15:00+01', '2025-12-16 09:00:00+01', NULL, 1, 'Zatwierdzono bez uwag.'),
    (204, 4, 1, '2025-12-17', 8, '2025-12-17 19:15:00', 0, 'Serwis popołudniowy wraz z zamknięciem sali. Projekt: Kelner', '12:00', '20:00', 'zaakceptowany', '2025-12-17 20:15:00+01', '2025-12-18 09:00:00+01', NULL, 1, 'Zatwierdzono bez uwag.'),
    (205, 4, 1, '2025-12-18', 8, '2025-12-18 19:15:00', 0, 'Serwis popołudniowy wraz z zamknięciem sali. Projekt: Kelner', '12:00', '20:00', 'zaakceptowany', '2025-12-18 20:15:00+01', '2025-12-19 09:00:00+01', NULL, 1, 'Zatwierdzono bez uwag.'),
    (206, 4, 1, '2025-12-19', 8, '2025-12-19 19:15:00', 0, 'Serwis popołudniowy wraz z zamknięciem sali. Projekt: Kelner', '12:00', '20:00', 'zaakceptowany', '2025-12-19 20:15:00+01', '2025-12-20 09:00:00+01', NULL, 1, 'Zatwierdzono bez uwag.'),
    (207, 4, 1, '2025-12-20', 8, '2025-12-20 19:15:00', 0, 'Serwis popołudniowy wraz z zamknięciem sali. Projekt: Kelner', '12:00', '20:00', 'zaakceptowany', '2025-12-20 20:15:00+01', '2025-12-21 09:00:00+01', NULL, 1, 'Zatwierdzono bez uwag.'),
    (208, 4, 1, '2025-12-21', 8, '2025-12-21 19:15:00', 0, 'Serwis popołudniowy wraz z zamknięciem sali. Projekt: Kelner', '12:00', '20:00', 'zaakceptowany', '2025-12-21 20:15:00+01', '2025-12-22 09:00:00+01', NULL, 1, 'Zatwierdzono bez uwag.'),
    (209, 4, 1, '2025-12-22', 8, '2025-12-22 19:15:00', 0, 'Serwis popołudniowy wraz z zamknięciem sali. Projekt: Kelner', '12:00', '20:00', 'oczekuje_na_akceptacje', '2025-12-22 20:15:00+01', NULL, NULL, NULL, 'Weryfikacja w toku.'),
    (210, 4, 1, '2025-12-24', 8, '2025-12-24 19:15:00', 0, 'Serwis popołudniowy wraz z zamknięciem sali. Projekt: Kelner', '12:00', '20:00', 'odrzucony', '2025-12-24 20:15:00+01', NULL, '2025-12-25 09:00:00+01', 1, 'Raport odrzucony – popraw dane.'),
    (211, 5, 2, '2025-12-01', 8, '2025-12-01 13:15:00', 0, 'Przygotowanie mise en place i linii gorącej. Projekt: Kuchnia', '06:00', '14:00', 'zaakceptowany', '2025-12-01 14:15:00+01', '2025-12-02 09:00:00+01', NULL, 2, 'Zatwierdzono bez uwag.'),
    (212, 5, 2, '2025-12-02', 8, '2025-12-02 13:15:00', 0, 'Przygotowanie mise en place i linii gorącej. Projekt: Kuchnia', '06:00', '14:00', 'zaakceptowany', '2025-12-02 14:15:00+01', '2025-12-03 09:00:00+01', NULL, 2, 'Zatwierdzono bez uwag.'),
    (213, 5, 2, '2025-12-04', 8, '2025-12-04 13:15:00', 0, 'Przygotowanie mise en place i linii gorącej. Projekt: Kuchnia', '06:00', '14:00', 'zaakceptowany', '2025-12-04 14:15:00+01', '2025-12-05 09:00:00+01', NULL, 2, 'Zatwierdzono bez uwag.'),
    (214, 5, 2, '2025-12-05', 8, '2025-12-05 13:15:00', 0, 'Przygotowanie mise en place i linii gorącej. Projekt: Kuchnia', '06:00', '14:00', 'zaakceptowany', '2025-12-05 14:15:00+01', '2025-12-06 09:00:00+01', NULL, 2, 'Zatwierdzono bez uwag.'),
    (215, 5, 2, '2025-12-06', 8, '2025-12-06 13:15:00', 0, 'Przygotowanie mise en place i linii gorącej. Projekt: Kuchnia', '06:00', '14:00', 'zaakceptowany', '2025-12-06 14:15:00+01', '2025-12-07 09:00:00+01', NULL, 2, 'Zatwierdzono bez uwag.'),
    (216, 5, 2, '2025-12-07', 8, '2025-12-07 13:15:00', 0, 'Przygotowanie mise en place i linii gorącej. Projekt: Kuchnia', '06:00', '14:00', 'zaakceptowany', '2025-12-07 14:15:00+01', '2025-12-08 09:00:00+01', NULL, 2, 'Zatwierdzono bez uwag.'),
    (217, 5, 2, '2025-12-08', 8, '2025-12-08 13:15:00', 0, 'Przygotowanie mise en place i linii gorącej. Projekt: Kuchnia', '06:00', '14:00', 'zaakceptowany', '2025-12-08 14:15:00+01', '2025-12-09 09:00:00+01', NULL, 2, 'Zatwierdzono bez uwag.'),
    (218, 5, 2, '2025-12-09', 8, '2025-12-09 13:15:00', 0, 'Przygotowanie mise en place i linii gorącej. Projekt: Kuchnia', '06:00', '14:00', 'zaakceptowany', '2025-12-09 14:15:00+01', '2025-12-10 09:00:00+01', NULL, 2, 'Zatwierdzono bez uwag.'),
    (219, 5, 2, '2025-12-11', 8, '2025-12-11 13:15:00', 0, 'Przygotowanie mise en place i linii gorącej. Projekt: Kuchnia', '06:00', '14:00', 'zaakceptowany', '2025-12-11 14:15:00+01', '2025-12-12 09:00:00+01', NULL, 2, 'Zatwierdzono bez uwag.'),
    (220, 5, 2, '2025-12-12', 8, '2025-12-12 13:15:00', 0, 'Przygotowanie mise en place i linii gorącej. Projekt: Kuchnia', '06:00', '14:00', 'zaakceptowany', '2025-12-12 14:15:00+01', '2025-12-13 09:00:00+01', NULL, 2, 'Zatwierdzono bez uwag.'),
    (221, 5, 2, '2025-12-13', 8, '2025-12-13 13:15:00', 0, 'Przygotowanie mise en place i linii gorącej. Projekt: Kuchnia', '06:00', '14:00', 'zaakceptowany', '2025-12-13 14:15:00+01', '2025-12-14 09:00:00+01', NULL, 2, 'Zatwierdzono bez uwag.'),
    (222, 5, 2, '2025-12-14', 8, '2025-12-14 13:15:00', 0, 'Przygotowanie mise en place i linii gorącej. Projekt: Kuchnia', '06:00', '14:00', 'zaakceptowany', '2025-12-14 14:15:00+01', '2025-12-15 09:00:00+01', NULL, 2, 'Zatwierdzono bez uwag.'),
    (223, 5, 2, '2025-12-15', 8, '2025-12-15 13:15:00', 0, 'Przygotowanie mise en place i linii gorącej. Projekt: Kuchnia', '06:00', '14:00', 'zaakceptowany', '2025-12-15 14:15:00+01', '2025-12-16 09:00:00+01', NULL, 2, 'Zatwierdzono bez uwag.'),
    (224, 5, 2, '2025-12-16', 8, '2025-12-16 13:15:00', 0, 'Przygotowanie mise en place i linii gorącej. Projekt: Kuchnia', '06:00', '14:00', 'zaakceptowany', '2025-12-16 14:15:00+01', '2025-12-17 09:00:00+01', NULL, 2, 'Zatwierdzono bez uwag.'),
    (225, 5, 2, '2025-12-18', 8, '2025-12-18 13:15:00', 0, 'Przygotowanie mise en place i linii gorącej. Projekt: Kuchnia', '06:00', '14:00', 'zaakceptowany', '2025-12-18 14:15:00+01', '2025-12-19 09:00:00+01', NULL, 2, 'Zatwierdzono bez uwag.'),
    (226, 5, 2, '2025-12-19', 8, '2025-12-19 13:15:00', 0, 'Przygotowanie mise en place i linii gorącej. Projekt: Kuchnia', '06:00', '14:00', 'zaakceptowany', '2025-12-19 14:15:00+01', '2025-12-20 09:00:00+01', NULL, 2, 'Zatwierdzono bez uwag.'),
    (227, 5, 2, '2025-12-20', 8, '2025-12-20 13:15:00', 0, 'Przygotowanie mise en place i linii gorącej. Projekt: Kuchnia', '06:00', '14:00', 'zaakceptowany', '2025-12-20 14:15:00+01', '2025-12-21 09:00:00+01', NULL, 2, 'Zatwierdzono bez uwag.'),
    (228, 5, 2, '2025-12-21', 8, '2025-12-21 13:15:00', 0, 'Przygotowanie mise en place i linii gorącej. Projekt: Kuchnia', '06:00', '14:00', 'zaakceptowany', '2025-12-21 14:15:00+01', '2025-12-22 09:00:00+01', NULL, 2, 'Zatwierdzono bez uwag.'),
    (229, 5, 2, '2025-12-22', 8, '2025-12-22 13:15:00', 0, 'Przygotowanie mise en place i linii gorącej. Projekt: Kuchnia', '06:00', '14:00', 'zaakceptowany', '2025-12-22 14:15:00+01', '2025-12-23 09:00:00+01', NULL, 2, 'Zatwierdzono bez uwag.'),
    (230, 5, 2, '2025-12-23', 8, '2025-12-23 13:15:00', 0, 'Przygotowanie mise en place i linii gorącej. Projekt: Kuchnia', '06:00', '14:00', 'oczekuje_na_akceptacje', '2025-12-23 14:15:00+01', NULL, NULL, NULL, 'Weryfikacja w toku.'),
    (231, 5, 2, '2025-12-24', 8, '2025-12-24 13:15:00', 0, 'Przygotowanie mise en place i linii gorącej. Projekt: Kuchnia', '06:00', '14:00', 'odrzucony', '2025-12-24 14:15:00+01', NULL, '2025-12-25 09:00:00+01', 2, 'Raport odrzucony – popraw dane.'),
    (232, 6, 2, '2025-12-01', 8, '2025-12-01 21:15:00', 0, 'Wieczorny serwis kuchni i kontrola jakości. Projekt: Kuchnia', '14:00', '22:00', 'zaakceptowany', '2025-12-01 22:15:00+01', '2025-12-02 09:00:00+01', NULL, 1, 'Zatwierdzono bez uwag.'),
    (233, 6, 2, '2025-12-02', 8, '2025-12-02 21:15:00', 0, 'Wieczorny serwis kuchni i kontrola jakości. Projekt: Kuchnia', '14:00', '22:00', 'zaakceptowany', '2025-12-02 22:15:00+01', '2025-12-03 09:00:00+01', NULL, 1, 'Zatwierdzono bez uwag.'),
    (234, 6, 2, '2025-12-03', 8, '2025-12-03 21:15:00', 0, 'Wieczorny serwis kuchni i kontrola jakości. Projekt: Kuchnia', '14:00', '22:00', 'zaakceptowany', '2025-12-03 22:15:00+01', '2025-12-04 09:00:00+01', NULL, 1, 'Zatwierdzono bez uwag.'),
    (235, 6, 2, '2025-12-04', 8, '2025-12-04 21:15:00', 0, 'Wieczorny serwis kuchni i kontrola jakości. Projekt: Kuchnia', '14:00', '22:00', 'zaakceptowany', '2025-12-04 22:15:00+01', '2025-12-05 09:00:00+01', NULL, 1, 'Zatwierdzono bez uwag.'),
    (236, 6, 2, '2025-12-05', 8, '2025-12-05 21:15:00', 0, 'Wieczorny serwis kuchni i kontrola jakości. Projekt: Kuchnia', '14:00', '22:00', 'zaakceptowany', '2025-12-05 22:15:00+01', '2025-12-06 09:00:00+01', NULL, 1, 'Zatwierdzono bez uwag.'),
    (237, 6, 2, '2025-12-06', 8, '2025-12-06 21:15:00', 0, 'Wieczorny serwis kuchni i kontrola jakości. Projekt: Kuchnia', '14:00', '22:00', 'zaakceptowany', '2025-12-06 22:15:00+01', '2025-12-07 09:00:00+01', NULL, 1, 'Zatwierdzono bez uwag.'),
    (238, 6, 2, '2025-12-08', 8, '2025-12-08 21:15:00', 0, 'Wieczorny serwis kuchni i kontrola jakości. Projekt: Kuchnia', '14:00', '22:00', 'zaakceptowany', '2025-12-08 22:15:00+01', '2025-12-09 09:00:00+01', NULL, 1, 'Zatwierdzono bez uwag.'),
    (239, 6, 2, '2025-12-09', 8, '2025-12-09 21:15:00', 0, 'Wieczorny serwis kuchni i kontrola jakości. Projekt: Kuchnia', '14:00', '22:00', 'zaakceptowany', '2025-12-09 22:15:00+01', '2025-12-10 09:00:00+01', NULL, 1, 'Zatwierdzono bez uwag.'),
    (240, 6, 2, '2025-12-10', 8, '2025-12-10 21:15:00', 0, 'Wieczorny serwis kuchni i kontrola jakości. Projekt: Kuchnia', '14:00', '22:00', 'zaakceptowany', '2025-12-10 22:15:00+01', '2025-12-11 09:00:00+01', NULL, 1, 'Zatwierdzono bez uwag.'),
    (241, 6, 2, '2025-12-11', 8, '2025-12-11 21:15:00', 0, 'Wieczorny serwis kuchni i kontrola jakości. Projekt: Kuchnia', '14:00', '22:00', 'zaakceptowany', '2025-12-11 22:15:00+01', '2025-12-12 09:00:00+01', NULL, 1, 'Zatwierdzono bez uwag.'),
    (242, 6, 2, '2025-12-12', 8, '2025-12-12 21:15:00', 0, 'Wieczorny serwis kuchni i kontrola jakości. Projekt: Kuchnia', '14:00', '22:00', 'zaakceptowany', '2025-12-12 22:15:00+01', '2025-12-13 09:00:00+01', NULL, 1, 'Zatwierdzono bez uwag.'),
    (243, 6, 2, '2025-12-13', 8, '2025-12-13 21:15:00', 0, 'Wieczorny serwis kuchni i kontrola jakości. Projekt: Kuchnia', '14:00', '22:00', 'zaakceptowany', '2025-12-13 22:15:00+01', '2025-12-14 09:00:00+01', NULL, 1, 'Zatwierdzono bez uwag.'),
    (244, 6, 2, '2025-12-15', 8, '2025-12-15 21:15:00', 0, 'Wieczorny serwis kuchni i kontrola jakości. Projekt: Kuchnia', '14:00', '22:00', 'zaakceptowany', '2025-12-15 22:15:00+01', '2025-12-16 09:00:00+01', NULL, 1, 'Zatwierdzono bez uwag.'),
    (245, 6, 2, '2025-12-16', 8, '2025-12-16 21:15:00', 0, 'Wieczorny serwis kuchni i kontrola jakości. Projekt: Kuchnia', '14:00', '22:00', 'zaakceptowany', '2025-12-16 22:15:00+01', '2025-12-17 09:00:00+01', NULL, 1, 'Zatwierdzono bez uwag.'),
    (246, 6, 2, '2025-12-17', 8, '2025-12-17 21:15:00', 0, 'Wieczorny serwis kuchni i kontrola jakości. Projekt: Kuchnia', '14:00', '22:00', 'zaakceptowany', '2025-12-17 22:15:00+01', '2025-12-18 09:00:00+01', NULL, 1, 'Zatwierdzono bez uwag.'),
    (247, 6, 2, '2025-12-18', 8, '2025-12-18 21:15:00', 0, 'Wieczorny serwis kuchni i kontrola jakości. Projekt: Kuchnia', '14:00', '22:00', 'zaakceptowany', '2025-12-18 22:15:00+01', '2025-12-19 09:00:00+01', NULL, 1, 'Zatwierdzono bez uwag.'),
    (248, 6, 2, '2025-12-19', 8, '2025-12-19 21:15:00', 0, 'Wieczorny serwis kuchni i kontrola jakości. Projekt: Kuchnia', '14:00', '22:00', 'zaakceptowany', '2025-12-19 22:15:00+01', '2025-12-20 09:00:00+01', NULL, 1, 'Zatwierdzono bez uwag.'),
    (249, 6, 2, '2025-12-20', 8, '2025-12-20 21:15:00', 0, 'Wieczorny serwis kuchni i kontrola jakości. Projekt: Kuchnia', '14:00', '22:00', 'zaakceptowany', '2025-12-20 22:15:00+01', '2025-12-21 09:00:00+01', NULL, 1, 'Zatwierdzono bez uwag.'),
    (250, 6, 2, '2025-12-21', 8, '2025-12-21 21:15:00', 0, 'Wieczorny serwis kuchni i kontrola jakości. Projekt: Kuchnia', '14:00', '22:00', 'zaakceptowany', '2025-12-21 22:15:00+01', '2025-12-22 09:00:00+01', NULL, 1, 'Zatwierdzono bez uwag.'),
    (251, 6, 2, '2025-12-22', 8, '2025-12-22 21:15:00', 0, 'Wieczorny serwis kuchni i kontrola jakości. Projekt: Kuchnia', '14:00', '22:00', 'oczekuje_na_akceptacje', '2025-12-22 22:15:00+01', NULL, NULL, NULL, 'Weryfikacja w toku.'),
    (252, 6, 2, '2025-12-23', 8, '2025-12-23 21:15:00', 0, 'Wieczorny serwis kuchni i kontrola jakości. Projekt: Kuchnia', '14:00', '22:00', 'odrzucony', '2025-12-23 22:15:00+01', NULL, '2025-12-24 09:00:00+01', 1, 'Raport odrzucony – popraw dane.'),
    (253, 7, 3, '2025-12-01', 8, '2025-12-01 11:15:00', 0, 'Wypiek pieczywa i słodkich pozycji. Projekt: Piekarz', '04:00', '12:00', 'zaakceptowany', '2025-12-01 12:15:00+01', '2025-12-02 09:00:00+01', NULL, 2, 'Zatwierdzono bez uwag.'),
    (254, 7, 3, '2025-12-02', 8, '2025-12-02 11:15:00', 0, 'Wypiek pieczywa i słodkich pozycji. Projekt: Piekarz', '04:00', '12:00', 'zaakceptowany', '2025-12-02 12:15:00+01', '2025-12-03 09:00:00+01', NULL, 2, 'Zatwierdzono bez uwag.'),
    (255, 7, 3, '2025-12-03', 8, '2025-12-03 11:15:00', 0, 'Wypiek pieczywa i słodkich pozycji. Projekt: Piekarz', '04:00', '12:00', 'zaakceptowany', '2025-12-03 12:15:00+01', '2025-12-04 09:00:00+01', NULL, 2, 'Zatwierdzono bez uwag.'),
    (256, 7, 3, '2025-12-04', 8, '2025-12-04 11:15:00', 0, 'Wypiek pieczywa i słodkich pozycji. Projekt: Piekarz', '04:00', '12:00', 'zaakceptowany', '2025-12-04 12:15:00+01', '2025-12-05 09:00:00+01', NULL, 2, 'Zatwierdzono bez uwag.'),
    (257, 7, 3, '2025-12-06', 8, '2025-12-06 11:15:00', 0, 'Wypiek pieczywa i słodkich pozycji. Projekt: Piekarz', '04:00', '12:00', 'zaakceptowany', '2025-12-06 12:15:00+01', '2025-12-07 09:00:00+01', NULL, 2, 'Zatwierdzono bez uwag.'),
    (258, 7, 3, '2025-12-07', 8, '2025-12-07 11:15:00', 0, 'Wypiek pieczywa i słodkich pozycji. Projekt: Piekarz', '04:00', '12:00', 'zaakceptowany', '2025-12-07 12:15:00+01', '2025-12-08 09:00:00+01', NULL, 2, 'Zatwierdzono bez uwag.'),
    (259, 7, 3, '2025-12-08', 8, '2025-12-08 11:15:00', 0, 'Wypiek pieczywa i słodkich pozycji. Projekt: Piekarz', '04:00', '12:00', 'zaakceptowany', '2025-12-08 12:15:00+01', '2025-12-09 09:00:00+01', NULL, 2, 'Zatwierdzono bez uwag.'),
    (260, 7, 3, '2025-12-09', 8, '2025-12-09 11:15:00', 0, 'Wypiek pieczywa i słodkich pozycji. Projekt: Piekarz', '04:00', '12:00', 'zaakceptowany', '2025-12-09 12:15:00+01', '2025-12-10 09:00:00+01', NULL, 2, 'Zatwierdzono bez uwag.'),
    (261, 7, 3, '2025-12-10', 8, '2025-12-10 11:15:00', 0, 'Wypiek pieczywa i słodkich pozycji. Projekt: Piekarz', '04:00', '12:00', 'zaakceptowany', '2025-12-10 12:15:00+01', '2025-12-11 09:00:00+01', NULL, 2, 'Zatwierdzono bez uwag.'),
    (262, 7, 3, '2025-12-11', 8, '2025-12-11 11:15:00', 0, 'Wypiek pieczywa i słodkich pozycji. Projekt: Piekarz', '04:00', '12:00', 'zaakceptowany', '2025-12-11 12:15:00+01', '2025-12-12 09:00:00+01', NULL, 2, 'Zatwierdzono bez uwag.'),
    (263, 7, 3, '2025-12-12', 8, '2025-12-12 11:15:00', 0, 'Wypiek pieczywa i słodkich pozycji. Projekt: Piekarz', '04:00', '12:00', 'zaakceptowany', '2025-12-12 12:15:00+01', '2025-12-13 09:00:00+01', NULL, 2, 'Zatwierdzono bez uwag.'),
    (264, 7, 3, '2025-12-13', 8, '2025-12-13 11:15:00', 0, 'Wypiek pieczywa i słodkich pozycji. Projekt: Piekarz', '04:00', '12:00', 'zaakceptowany', '2025-12-13 12:15:00+01', '2025-12-14 09:00:00+01', NULL, 2, 'Zatwierdzono bez uwag.'),
    (265, 7, 3, '2025-12-14', 8, '2025-12-14 11:15:00', 0, 'Wypiek pieczywa i słodkich pozycji. Projekt: Piekarz', '04:00', '12:00', 'zaakceptowany', '2025-12-14 12:15:00+01', '2025-12-15 09:00:00+01', NULL, 2, 'Zatwierdzono bez uwag.'),
    (266, 7, 3, '2025-12-15', 8, '2025-12-15 11:15:00', 0, 'Wypiek pieczywa i słodkich pozycji. Projekt: Piekarz', '04:00', '12:00', 'zaakceptowany', '2025-12-15 12:15:00+01', '2025-12-16 09:00:00+01', NULL, 2, 'Zatwierdzono bez uwag.'),
    (267, 7, 3, '2025-12-16', 8, '2025-12-16 11:15:00', 0, 'Wypiek pieczywa i słodkich pozycji. Projekt: Piekarz', '04:00', '12:00', 'zaakceptowany', '2025-12-16 12:15:00+01', '2025-12-17 09:00:00+01', NULL, 2, 'Zatwierdzono bez uwag.'),
    (268, 7, 3, '2025-12-17', 8, '2025-12-17 11:15:00', 0, 'Wypiek pieczywa i słodkich pozycji. Projekt: Piekarz', '04:00', '12:00', 'zaakceptowany', '2025-12-17 12:15:00+01', '2025-12-18 09:00:00+01', NULL, 2, 'Zatwierdzono bez uwag.'),
    (269, 7, 3, '2025-12-18', 8, '2025-12-18 11:15:00', 0, 'Wypiek pieczywa i słodkich pozycji. Projekt: Piekarz', '04:00', '12:00', 'zaakceptowany', '2025-12-18 12:15:00+01', '2025-12-19 09:00:00+01', NULL, 2, 'Zatwierdzono bez uwag.'),
    (270, 7, 3, '2025-12-20', 8, '2025-12-20 11:15:00', 0, 'Wypiek pieczywa i słodkich pozycji. Projekt: Piekarz', '04:00', '12:00', 'zaakceptowany', '2025-12-20 12:15:00+01', '2025-12-21 09:00:00+01', NULL, 2, 'Zatwierdzono bez uwag.'),
    (271, 7, 3, '2025-12-21', 8, '2025-12-21 11:15:00', 0, 'Wypiek pieczywa i słodkich pozycji. Projekt: Piekarz', '04:00', '12:00', 'zaakceptowany', '2025-12-21 12:15:00+01', '2025-12-22 09:00:00+01', NULL, 2, 'Zatwierdzono bez uwag.'),
    (272, 7, 3, '2025-12-22', 8, '2025-12-22 11:15:00', 0, 'Wypiek pieczywa i słodkich pozycji. Projekt: Piekarz', '04:00', '12:00', 'oczekuje_na_akceptacje', '2025-12-22 12:15:00+01', NULL, NULL, NULL, 'Weryfikacja w toku.'),
    (273, 7, 3, '2025-12-23', 8, '2025-12-23 11:15:00', 0, 'Wypiek pieczywa i słodkich pozycji. Projekt: Piekarz', '04:00', '12:00', 'odrzucony', '2025-12-23 12:15:00+01', NULL, '2025-12-24 09:00:00+01', 2, 'Raport odrzucony – popraw dane.'),
    (274, 8, 3, '2025-12-02', 8, '2025-12-02 12:15:00', 0, 'Wsparcie cukierni na zmniejszonym etacie. Projekt: Piekarz', '05:00', '13:00', 'zaakceptowany', '2025-12-02 13:15:00+01', '2025-12-03 09:00:00+01', NULL, 1, 'Zatwierdzono bez uwag.'),
    (275, 8, 3, '2025-12-06', 8, '2025-12-06 12:15:00', 0, 'Wsparcie cukierni na zmniejszonym etacie. Projekt: Piekarz', '05:00', '13:00', 'zaakceptowany', '2025-12-06 13:15:00+01', '2025-12-07 09:00:00+01', NULL, 1, 'Zatwierdzono bez uwag.'),
    (276, 8, 3, '2025-12-10', 8, '2025-12-10 12:15:00', 0, 'Wsparcie cukierni na zmniejszonym etacie. Projekt: Piekarz', '05:00', '13:00', 'zaakceptowany', '2025-12-10 13:15:00+01', '2025-12-11 09:00:00+01', NULL, 1, 'Zatwierdzono bez uwag.'),
    (277, 8, 3, '2025-12-14', 8, '2025-12-14 12:15:00', 0, 'Wsparcie cukierni na zmniejszonym etacie. Projekt: Piekarz', '05:00', '13:00', 'zaakceptowany', '2025-12-14 13:15:00+01', '2025-12-15 09:00:00+01', NULL, 1, 'Zatwierdzono bez uwag.'),
    (278, 8, 3, '2025-12-18', 8, '2025-12-18 12:15:00', 0, 'Wsparcie cukierni na zmniejszonym etacie. Projekt: Piekarz', '05:00', '13:00', 'zaakceptowany', '2025-12-18 13:15:00+01', '2025-12-19 09:00:00+01', NULL, 1, 'Zatwierdzono bez uwag.'),
    (279, 8, 3, '2025-12-22', 5, '2025-12-22 09:15:00', 0, 'Wsparcie cukierni na zmniejszonym etacie. Projekt: Piekarz', '05:00', '10:00', 'oczekuje_na_akceptacje', '2025-12-22 10:15:00+01', NULL, NULL, NULL, 'Weryfikacja w toku.'),
    (280, 8, 3, '2025-12-29', 5, '2025-12-29 09:15:00', 0, 'Wsparcie cukierni na zmniejszonym etacie. Projekt: Piekarz', '05:00', '10:00', 'odrzucony', '2025-12-29 10:15:00+01', NULL, '2025-12-30 09:00:00+01', 1, 'Raport odrzucony – popraw dane.'),
    (281, 9, 4, '2025-12-03', 8, '2025-12-03 13:15:00', 0, 'Dostawy cateringowe w Warszawie. Projekt: Kurier', '06:00', '14:00', 'zaakceptowany', '2025-12-03 14:15:00+01', '2025-12-04 09:00:00+01', NULL, 2, 'Zatwierdzono bez uwag.'),
    (282, 9, 4, '2025-12-07', 8, '2025-12-07 13:15:00', 0, 'Dostawy cateringowe w Warszawie. Projekt: Kurier', '06:00', '14:00', 'zaakceptowany', '2025-12-07 14:15:00+01', '2025-12-08 09:00:00+01', NULL, 2, 'Zatwierdzono bez uwag.'),
    (283, 9, 4, '2025-12-11', 8, '2025-12-11 13:15:00', 0, 'Dostawy cateringowe w Warszawie. Projekt: Kurier', '06:00', '14:00', 'zaakceptowany', '2025-12-11 14:15:00+01', '2025-12-12 09:00:00+01', NULL, 2, 'Zatwierdzono bez uwag.'),
    (284, 9, 4, '2025-12-15', 8, '2025-12-15 13:15:00', 0, 'Dostawy cateringowe w Warszawie. Projekt: Kurier', '06:00', '14:00', 'zaakceptowany', '2025-12-15 14:15:00+01', '2025-12-16 09:00:00+01', NULL, 2, 'Zatwierdzono bez uwag.'),
    (285, 9, 4, '2025-12-19', 8, '2025-12-19 13:15:00', 0, 'Dostawy cateringowe w Warszawie. Projekt: Kurier', '06:00', '14:00', 'zaakceptowany', '2025-12-19 14:15:00+01', '2025-12-20 09:00:00+01', NULL, 2, 'Zatwierdzono bez uwag.'),
    (286, 9, 4, '2025-12-23', 5, '2025-12-23 10:15:00', 0, 'Dostawy cateringowe w Warszawie. Projekt: Kurier', '06:00', '11:00', 'oczekuje_na_akceptacje', '2025-12-23 11:15:00+01', NULL, NULL, NULL, 'Weryfikacja w toku.'),
    (287, 9, 4, '2025-12-27', 5, '2025-12-27 10:15:00', 0, 'Dostawy cateringowe w Warszawie. Projekt: Kurier', '06:00', '11:00', 'odrzucony', '2025-12-27 11:15:00+01', NULL, '2025-12-28 09:00:00+01', 2, 'Raport odrzucony – popraw dane.'),
    (288, 10, 5, '2025-12-04', 8, '2025-12-04 22:15:00', 0, 'Porządkowanie zaplecza i sali. Projekt: Sprzątanie', '15:00', '23:00', 'zaakceptowany', '2025-12-04 23:15:00+01', '2025-12-05 09:00:00+01', NULL, 1, 'Zatwierdzono bez uwag.'),
    (289, 10, 5, '2025-12-08', 8, '2025-12-08 22:15:00', 0, 'Porządkowanie zaplecza i sali. Projekt: Sprzątanie', '15:00', '23:00', 'zaakceptowany', '2025-12-08 23:15:00+01', '2025-12-09 09:00:00+01', NULL, 1, 'Zatwierdzono bez uwag.'),
    (290, 10, 5, '2025-12-12', 8, '2025-12-12 22:15:00', 0, 'Porządkowanie zaplecza i sali. Projekt: Sprzątanie', '15:00', '23:00', 'zaakceptowany', '2025-12-12 23:15:00+01', '2025-12-13 09:00:00+01', NULL, 1, 'Zatwierdzono bez uwag.'),
    (291, 10, 5, '2025-12-16', 8, '2025-12-16 22:15:00', 0, 'Porządkowanie zaplecza i sali. Projekt: Sprzątanie', '15:00', '23:00', 'zaakceptowany', '2025-12-16 23:15:00+01', '2025-12-17 09:00:00+01', NULL, 1, 'Zatwierdzono bez uwag.'),
    (292, 10, 5, '2025-12-20', 8, '2025-12-20 22:15:00', 0, 'Porządkowanie zaplecza i sali. Projekt: Sprzątanie', '15:00', '23:00', 'zaakceptowany', '2025-12-20 23:15:00+01', '2025-12-21 09:00:00+01', NULL, 1, 'Zatwierdzono bez uwag.'),
    (293, 10, 5, '2025-12-24', 5, '2025-12-24 19:15:00', 0, 'Porządkowanie zaplecza i sali. Projekt: Sprzątanie', '15:00', '20:00', 'oczekuje_na_akceptacje', '2025-12-24 20:15:00+01', NULL, NULL, NULL, 'Weryfikacja w toku.'),
    (294, 10, 5, '2025-12-30', 5, '2025-12-30 19:15:00', 0, 'Porządkowanie zaplecza i sali. Projekt: Sprzątanie', '15:00', '20:00', 'odrzucony', '2025-12-30 20:15:00+01', NULL, '2025-12-31 09:00:00+01', 1, 'Raport odrzucony – popraw dane.');



-- Aktualizacja sekwencji ID
SELECT setval('public.users_user_id_seq', (SELECT COALESCE(MAX(user_id), 1) FROM public.users));
SELECT setval('public.projects_project_id_seq', (SELECT COALESCE(MAX(project_id), 1) FROM public.projects));
SELECT setval('public.user_projects_user_project_id_seq', (SELECT COALESCE(MAX(user_project_id), 1) FROM public.user_projects));
SELECT setval('public.messages_message_id_seq', (SELECT COALESCE(MAX(message_id), 1) FROM public.messages));
SELECT setval('public.period_closures_period_closure_id_seq', (SELECT COALESCE(MAX(period_closure_id), 1) FROM public.period_closures));
SELECT setval('public.absences_absence_id_seq', (SELECT COALESCE(MAX(absence_id), 1) FROM public.absences));
SELECT setval('public.approval_log_approval_log_id_seq', (SELECT COALESCE(MAX(approval_log_id), 1) FROM public.approval_log));
SELECT setval('public.schedule_schedule_id_seq', (SELECT COALESCE(MAX(schedule_id), 1) FROM public.schedule));
SELECT setval('public.work_reports_report_id_seq', (SELECT COALESCE(MAX(report_id), 1) FROM public.work_reports));
SELECT setval('public.audit_logs_log_id_seq', (SELECT COALESCE(MAX(log_id), 1) FROM public.audit_logs));

COMMIT;
